eta_beam,E_host_total
0.1,0.33733333333333254
0.3,0.4999303666558497
0.5,0.5022769154427902
0.7,0.5047245259388492
0.9,0.5047245259388492
