core_diameter_mm,shell_thickness_mm,energy_density_wh_per_l,reserve_fraction,round_trip_efficiency,active_duty_cycle,load_power_mw,storage_volume_l,usable_energy_wh,required_energy_wh,margin_wh,status
10,0.5,25,0.1,0.6,0.1,10,0.00017331119472303673,0.002339701128760996,0.0006,0.001739701128760996,PASS
10,0.5,25,0.1,0.6,0.25,10,0.00017331119472303673,0.002339701128760996,0.0015,0.0008397011287609958,PASS
10,0.5,25,0.1,0.6,0.5,10,0.00017331119472303673,0.002339701128760996,0.003,-0.0006602988712390043,FAIL
10,0.5,25,0.1,0.75,0.1,10,0.00017331119472303673,0.002924626410951245,0.0006,0.002324626410951245,PASS
10,0.5,25,0.1,0.75,0.25,10,0.00017331119472303673,0.002924626410951245,0.0015,0.0014246264109512448,PASS
10,0.5,25,0.1,0.75,0.5,10,0.00017331119472303673,0.002924626410951245,0.003,-7.537358904875519e-05,FAIL
10,0.5,25,0.1,0.9,0.1,10,0.00017331119472303673,0.003509551693141494,0.0006,0.002909551693141494,PASS
10,0.5,25,0.1,0.9,0.25,10,0.00017331119472303673,0.003509551693141494,0.0015,0.002009551693141494,PASS
10,0.5,25,0.1,0.9,0.5,10,0.00017331119472303673,0.003509551693141494,0.003,0.0005095516931414939,PASS
10,0.5,25,0.2,0.6,0.1,10,0.00017331119472303673,0.002079734336676441,0.0006,0.001479734336676441,PASS
10,0.5,25,0.2,0.6,0.25,10,0.00017331119472303673,0.002079734336676441,0.0015,0.0005797343366764408,PASS
10,0.5,25,0.2,0.6,0.5,10,0.00017331119472303673,0.002079734336676441,0.003,-0.0009202656633235592,FAIL
10,0.5,25,0.2,0.75,0.1,10,0.00017331119472303673,0.0025996679208455512,0.0006,0.0019996679208455514,PASS
10,0.5,25,0.2,0.75,0.25,10,0.00017331119472303673,0.0025996679208455512,0.0015,0.0010996679208455512,PASS
10,0.5,25,0.2,0.75,0.5,10,0.00017331119472303673,0.0025996679208455512,0.003,-0.0004003320791544488,FAIL
10,0.5,25,0.2,0.9,0.1,10,0.00017331119472303673,0.0031196015050146617,0.0006,0.002519601505014662,PASS
10,0.5,25,0.2,0.9,0.25,10,0.00017331119472303673,0.0031196015050146617,0.0015,0.0016196015050146616,PASS
10,0.5,25,0.2,0.9,0.5,10,0.00017331119472303673,0.0031196015050146617,0.003,0.0001196015050146616,PASS
10,0.5,25,0.3,0.6,0.1,10,0.00017331119472303673,0.0018197675445918856,0.0006,0.0012197675445918855,PASS
10,0.5,25,0.3,0.6,0.25,10,0.00017331119472303673,0.0018197675445918856,0.0015,0.0003197675445918856,PASS
10,0.5,25,0.3,0.6,0.5,10,0.00017331119472303673,0.0018197675445918856,0.003,-0.0011802324554081145,FAIL
10,0.5,25,0.3,0.75,0.1,10,0.00017331119472303673,0.002274709430739857,0.0006,0.0016747094307398573,PASS
10,0.5,25,0.3,0.75,0.25,10,0.00017331119472303673,0.002274709430739857,0.0015,0.0007747094307398571,PASS
10,0.5,25,0.3,0.75,0.5,10,0.00017331119472303673,0.002274709430739857,0.003,-0.0007252905692601429,FAIL
10,0.5,25,0.3,0.9,0.1,10,0.00017331119472303673,0.0027296513168878285,0.0006,0.0021296513168878287,PASS
10,0.5,25,0.3,0.9,0.25,10,0.00017331119472303673,0.0027296513168878285,0.0015,0.0012296513168878285,PASS
10,0.5,25,0.3,0.9,0.5,10,0.00017331119472303673,0.0027296513168878285,0.003,-0.00027034868311217155,FAIL
10,0.5,25,0.4,0.6,0.1,10,0.00017331119472303673,0.0015598007525073306,0.0006,0.0009598007525073307,PASS
10,0.5,25,0.4,0.6,0.25,10,0.00017331119472303673,0.0015598007525073306,0.0015,5.980075250733058e-05,PASS
10,0.5,25,0.4,0.6,0.5,10,0.00017331119472303673,0.0015598007525073306,0.003,-0.0014401992474926695,FAIL
10,0.5,25,0.4,0.75,0.1,10,0.00017331119472303673,0.0019497509406341635,0.0006,0.0013497509406341637,PASS
10,0.5,25,0.4,0.75,0.25,10,0.00017331119472303673,0.0019497509406341635,0.0015,0.0004497509406341635,PASS
10,0.5,25,0.4,0.75,0.5,10,0.00017331119472303673,0.0019497509406341635,0.003,-0.0010502490593658365,FAIL
10,0.5,25,0.4,0.9,0.1,10,0.00017331119472303673,0.0023397011287609962,0.0006,0.0017397011287609964,PASS
10,0.5,25,0.4,0.9,0.25,10,0.00017331119472303673,0.0023397011287609962,0.0015,0.0008397011287609962,PASS
10,0.5,25,0.4,0.9,0.5,10,0.00017331119472303673,0.0023397011287609962,0.003,-0.0006602988712390038,FAIL
10,0.5,50,0.1,0.6,0.1,10,0.00017331119472303673,0.004679402257521992,0.0006,0.004079402257521992,PASS
10,0.5,50,0.1,0.6,0.25,10,0.00017331119472303673,0.004679402257521992,0.0015,0.0031794022575219916,PASS
10,0.5,50,0.1,0.6,0.5,10,0.00017331119472303673,0.004679402257521992,0.003,0.0016794022575219916,PASS
10,0.5,50,0.1,0.75,0.1,10,0.00017331119472303673,0.00584925282190249,0.0006,0.00524925282190249,PASS
10,0.5,50,0.1,0.75,0.25,10,0.00017331119472303673,0.00584925282190249,0.0015,0.00434925282190249,PASS
10,0.5,50,0.1,0.75,0.5,10,0.00017331119472303673,0.00584925282190249,0.003,0.0028492528219024897,PASS
10,0.5,50,0.1,0.9,0.1,10,0.00017331119472303673,0.007019103386282988,0.0006,0.006419103386282988,PASS
10,0.5,50,0.1,0.9,0.25,10,0.00017331119472303673,0.007019103386282988,0.0015,0.005519103386282987,PASS
10,0.5,50,0.1,0.9,0.5,10,0.00017331119472303673,0.007019103386282988,0.003,0.004019103386282988,PASS
10,0.5,50,0.2,0.6,0.1,10,0.00017331119472303673,0.004159468673352882,0.0006,0.003559468673352882,PASS
10,0.5,50,0.2,0.6,0.25,10,0.00017331119472303673,0.004159468673352882,0.0015,0.0026594686733528816,PASS
10,0.5,50,0.2,0.6,0.5,10,0.00017331119472303673,0.004159468673352882,0.003,0.0011594686733528816,PASS
10,0.5,50,0.2,0.75,0.1,10,0.00017331119472303673,0.0051993358416911025,0.0006,0.004599335841691103,PASS
10,0.5,50,0.2,0.75,0.25,10,0.00017331119472303673,0.0051993358416911025,0.0015,0.0036993358416911024,PASS
10,0.5,50,0.2,0.75,0.5,10,0.00017331119472303673,0.0051993358416911025,0.003,0.0021993358416911024,PASS
10,0.5,50,0.2,0.9,0.1,10,0.00017331119472303673,0.006239203010029323,0.0006,0.0056392030100293235,PASS
10,0.5,50,0.2,0.9,0.25,10,0.00017331119472303673,0.006239203010029323,0.0015,0.004739203010029324,PASS
10,0.5,50,0.2,0.9,0.5,10,0.00017331119472303673,0.006239203010029323,0.003,0.0032392030100293233,PASS
10,0.5,50,0.3,0.6,0.1,10,0.00017331119472303673,0.003639535089183771,0.0006,0.0030395350891837714,PASS
10,0.5,50,0.3,0.6,0.25,10,0.00017331119472303673,0.003639535089183771,0.0015,0.002139535089183771,PASS
10,0.5,50,0.3,0.6,0.5,10,0.00017331119472303673,0.003639535089183771,0.003,0.0006395350891837711,PASS
10,0.5,50,0.3,0.75,0.1,10,0.00017331119472303673,0.004549418861479714,0.0006,0.0039494188614797145,PASS
10,0.5,50,0.3,0.75,0.25,10,0.00017331119472303673,0.004549418861479714,0.0015,0.0030494188614797143,PASS
10,0.5,50,0.3,0.75,0.5,10,0.00017331119472303673,0.004549418861479714,0.003,0.0015494188614797143,PASS
10,0.5,50,0.3,0.9,0.1,10,0.00017331119472303673,0.005459302633775657,0.0006,0.004859302633775657,PASS
10,0.5,50,0.3,0.9,0.25,10,0.00017331119472303673,0.005459302633775657,0.0015,0.003959302633775657,PASS
10,0.5,50,0.3,0.9,0.5,10,0.00017331119472303673,0.005459302633775657,0.003,0.002459302633775657,PASS
10,0.5,50,0.4,0.6,0.1,10,0.00017331119472303673,0.0031196015050146612,0.0006,0.0025196015050146614,PASS
10,0.5,50,0.4,0.6,0.25,10,0.00017331119472303673,0.0031196015050146612,0.0015,0.0016196015050146612,PASS
10,0.5,50,0.4,0.6,0.5,10,0.00017331119472303673,0.0031196015050146612,0.003,0.00011960150501466116,PASS
10,0.5,50,0.4,0.75,0.1,10,0.00017331119472303673,0.003899501881268327,0.0006,0.0032995018812683272,PASS
10,0.5,50,0.4,0.75,0.25,10,0.00017331119472303673,0.003899501881268327,0.0015,0.002399501881268327,PASS
10,0.5,50,0.4,0.75,0.5,10,0.00017331119472303673,0.003899501881268327,0.003,0.000899501881268327,PASS
10,0.5,50,0.4,0.9,0.1,10,0.00017331119472303673,0.0046794022575219925,0.0006,0.004079402257521993,PASS
10,0.5,50,0.4,0.9,0.25,10,0.00017331119472303673,0.0046794022575219925,0.0015,0.0031794022575219925,PASS
10,0.5,50,0.4,0.9,0.5,10,0.00017331119472303673,0.0046794022575219925,0.003,0.0016794022575219924,PASS
10,0.5,100,0.1,0.6,0.1,10,0.00017331119472303673,0.009358804515043983,0.0006,0.008758804515043983,PASS
10,0.5,100,0.1,0.6,0.25,10,0.00017331119472303673,0.009358804515043983,0.0015,0.007858804515043984,PASS
10,0.5,100,0.1,0.6,0.5,10,0.00017331119472303673,0.009358804515043983,0.003,0.006358804515043983,PASS
10,0.5,100,0.1,0.75,0.1,10,0.00017331119472303673,0.01169850564380498,0.0006,0.01109850564380498,PASS
10,0.5,100,0.1,0.75,0.25,10,0.00017331119472303673,0.01169850564380498,0.0015,0.01019850564380498,PASS
10,0.5,100,0.1,0.75,0.5,10,0.00017331119472303673,0.01169850564380498,0.003,0.00869850564380498,PASS
10,0.5,100,0.1,0.9,0.1,10,0.00017331119472303673,0.014038206772565976,0.0006,0.013438206772565976,PASS
10,0.5,100,0.1,0.9,0.25,10,0.00017331119472303673,0.014038206772565976,0.0015,0.012538206772565976,PASS
10,0.5,100,0.1,0.9,0.5,10,0.00017331119472303673,0.014038206772565976,0.003,0.011038206772565975,PASS
10,0.5,100,0.2,0.6,0.1,10,0.00017331119472303673,0.008318937346705763,0.0006,0.007718937346705763,PASS
10,0.5,100,0.2,0.6,0.25,10,0.00017331119472303673,0.008318937346705763,0.0015,0.006818937346705764,PASS
10,0.5,100,0.2,0.6,0.5,10,0.00017331119472303673,0.008318937346705763,0.003,0.005318937346705763,PASS
10,0.5,100,0.2,0.75,0.1,10,0.00017331119472303673,0.010398671683382205,0.0006,0.009798671683382205,PASS
10,0.5,100,0.2,0.75,0.25,10,0.00017331119472303673,0.010398671683382205,0.0015,0.008898671683382205,PASS
10,0.5,100,0.2,0.75,0.5,10,0.00017331119472303673,0.010398671683382205,0.003,0.007398671683382205,PASS
10,0.5,100,0.2,0.9,0.1,10,0.00017331119472303673,0.012478406020058647,0.0006,0.011878406020058647,PASS
10,0.5,100,0.2,0.9,0.25,10,0.00017331119472303673,0.012478406020058647,0.0015,0.010978406020058647,PASS
10,0.5,100,0.2,0.9,0.5,10,0.00017331119472303673,0.012478406020058647,0.003,0.009478406020058647,PASS
10,0.5,100,0.3,0.6,0.1,10,0.00017331119472303673,0.007279070178367542,0.0006,0.006679070178367543,PASS
10,0.5,100,0.3,0.6,0.25,10,0.00017331119472303673,0.007279070178367542,0.0015,0.005779070178367542,PASS
10,0.5,100,0.3,0.6,0.5,10,0.00017331119472303673,0.007279070178367542,0.003,0.004279070178367542,PASS
10,0.5,100,0.3,0.75,0.1,10,0.00017331119472303673,0.009098837722959429,0.0006,0.008498837722959429,PASS
10,0.5,100,0.3,0.75,0.25,10,0.00017331119472303673,0.009098837722959429,0.0015,0.007598837722959429,PASS
10,0.5,100,0.3,0.75,0.5,10,0.00017331119472303673,0.009098837722959429,0.003,0.006098837722959429,PASS
10,0.5,100,0.3,0.9,0.1,10,0.00017331119472303673,0.010918605267551314,0.0006,0.010318605267551314,PASS
10,0.5,100,0.3,0.9,0.25,10,0.00017331119472303673,0.010918605267551314,0.0015,0.009418605267551314,PASS
10,0.5,100,0.3,0.9,0.5,10,0.00017331119472303673,0.010918605267551314,0.003,0.007918605267551313,PASS
10,0.5,100,0.4,0.6,0.1,10,0.00017331119472303673,0.0062392030100293224,0.0006,0.005639203010029323,PASS
10,0.5,100,0.4,0.6,0.25,10,0.00017331119472303673,0.0062392030100293224,0.0015,0.004739203010029322,PASS
10,0.5,100,0.4,0.6,0.5,10,0.00017331119472303673,0.0062392030100293224,0.003,0.0032392030100293224,PASS
10,0.5,100,0.4,0.75,0.1,10,0.00017331119472303673,0.007799003762536654,0.0006,0.007199003762536654,PASS
10,0.5,100,0.4,0.75,0.25,10,0.00017331119472303673,0.007799003762536654,0.0015,0.0062990037625366545,PASS
10,0.5,100,0.4,0.75,0.5,10,0.00017331119472303673,0.007799003762536654,0.003,0.004799003762536654,PASS
10,0.5,100,0.4,0.9,0.1,10,0.00017331119472303673,0.009358804515043985,0.0006,0.008758804515043985,PASS
10,0.5,100,0.4,0.9,0.25,10,0.00017331119472303673,0.009358804515043985,0.0015,0.007858804515043985,PASS
10,0.5,100,0.4,0.9,0.5,10,0.00017331119472303673,0.009358804515043985,0.003,0.006358804515043985,PASS
10,0.5,200,0.1,0.6,0.1,10,0.00017331119472303673,0.018717609030087966,0.0006,0.018117609030087967,PASS
10,0.5,200,0.1,0.6,0.25,10,0.00017331119472303673,0.018717609030087966,0.0015,0.017217609030087965,PASS
10,0.5,200,0.1,0.6,0.5,10,0.00017331119472303673,0.018717609030087966,0.003,0.015717609030087967,PASS
10,0.5,200,0.1,0.75,0.1,10,0.00017331119472303673,0.02339701128760996,0.0006,0.02279701128760996,PASS
10,0.5,200,0.1,0.75,0.25,10,0.00017331119472303673,0.02339701128760996,0.0015,0.021897011287609958,PASS
10,0.5,200,0.1,0.75,0.5,10,0.00017331119472303673,0.02339701128760996,0.003,0.02039701128760996,PASS
10,0.5,200,0.1,0.9,0.1,10,0.00017331119472303673,0.02807641354513195,0.0006,0.02747641354513195,PASS
10,0.5,200,0.1,0.9,0.25,10,0.00017331119472303673,0.02807641354513195,0.0015,0.02657641354513195,PASS
10,0.5,200,0.1,0.9,0.5,10,0.00017331119472303673,0.02807641354513195,0.003,0.025076413545131952,PASS
10,0.5,200,0.2,0.6,0.1,10,0.00017331119472303673,0.016637874693411527,0.0006,0.016037874693411527,PASS
10,0.5,200,0.2,0.6,0.25,10,0.00017331119472303673,0.016637874693411527,0.0015,0.015137874693411527,PASS
10,0.5,200,0.2,0.6,0.5,10,0.00017331119472303673,0.016637874693411527,0.003,0.013637874693411527,PASS
10,0.5,200,0.2,0.75,0.1,10,0.00017331119472303673,0.02079734336676441,0.0006,0.02019734336676441,PASS
10,0.5,200,0.2,0.75,0.25,10,0.00017331119472303673,0.02079734336676441,0.0015,0.01929734336676441,PASS
10,0.5,200,0.2,0.75,0.5,10,0.00017331119472303673,0.02079734336676441,0.003,0.01779734336676441,PASS
10,0.5,200,0.2,0.9,0.1,10,0.00017331119472303673,0.024956812040117293,0.0006,0.024356812040117293,PASS
10,0.5,200,0.2,0.9,0.25,10,0.00017331119472303673,0.024956812040117293,0.0015,0.023456812040117292,PASS
10,0.5,200,0.2,0.9,0.5,10,0.00017331119472303673,0.024956812040117293,0.003,0.021956812040117294,PASS
10,0.5,200,0.3,0.6,0.1,10,0.00017331119472303673,0.014558140356735085,0.0006,0.013958140356735085,PASS
10,0.5,200,0.3,0.6,0.25,10,0.00017331119472303673,0.014558140356735085,0.0015,0.013058140356735085,PASS
10,0.5,200,0.3,0.6,0.5,10,0.00017331119472303673,0.014558140356735085,0.003,0.011558140356735084,PASS
10,0.5,200,0.3,0.75,0.1,10,0.00017331119472303673,0.018197675445918857,0.0006,0.017597675445918858,PASS
10,0.5,200,0.3,0.75,0.25,10,0.00017331119472303673,0.018197675445918857,0.0015,0.016697675445918856,PASS
10,0.5,200,0.3,0.75,0.5,10,0.00017331119472303673,0.018197675445918857,0.003,0.015197675445918858,PASS
10,0.5,200,0.3,0.9,0.1,10,0.00017331119472303673,0.021837210535102628,0.0006,0.02123721053510263,PASS
10,0.5,200,0.3,0.9,0.25,10,0.00017331119472303673,0.021837210535102628,0.0015,0.020337210535102627,PASS
10,0.5,200,0.3,0.9,0.5,10,0.00017331119472303673,0.021837210535102628,0.003,0.01883721053510263,PASS
10,0.5,200,0.4,0.6,0.1,10,0.00017331119472303673,0.012478406020058645,0.0006,0.011878406020058645,PASS
10,0.5,200,0.4,0.6,0.25,10,0.00017331119472303673,0.012478406020058645,0.0015,0.010978406020058645,PASS
10,0.5,200,0.4,0.6,0.5,10,0.00017331119472303673,0.012478406020058645,0.003,0.009478406020058644,PASS
10,0.5,200,0.4,0.75,0.1,10,0.00017331119472303673,0.015598007525073308,0.0006,0.014998007525073308,PASS
10,0.5,200,0.4,0.75,0.25,10,0.00017331119472303673,0.015598007525073308,0.0015,0.014098007525073309,PASS
10,0.5,200,0.4,0.75,0.5,10,0.00017331119472303673,0.015598007525073308,0.003,0.012598007525073309,PASS
10,0.5,200,0.4,0.9,0.1,10,0.00017331119472303673,0.01871760903008797,0.0006,0.01811760903008797,PASS
10,0.5,200,0.4,0.9,0.25,10,0.00017331119472303673,0.01871760903008797,0.0015,0.01721760903008797,PASS
10,0.5,200,0.4,0.9,0.5,10,0.00017331119472303673,0.01871760903008797,0.003,0.01571760903008797,PASS
10,1.0,25,0.1,0.6,0.1,10,0.0003811799086355615,0.00514592876658008,0.0006,0.00454592876658008,PASS
10,1.0,25,0.1,0.6,0.25,10,0.0003811799086355615,0.00514592876658008,0.0015,0.00364592876658008,PASS
10,1.0,25,0.1,0.6,0.5,10,0.0003811799086355615,0.00514592876658008,0.003,0.00214592876658008,PASS
10,1.0,25,0.1,0.75,0.1,10,0.0003811799086355615,0.0064324109582250995,0.0006,0.0058324109582251,PASS
10,1.0,25,0.1,0.75,0.25,10,0.0003811799086355615,0.0064324109582250995,0.0015,0.0049324109582251,PASS
10,1.0,25,0.1,0.75,0.5,10,0.0003811799086355615,0.0064324109582250995,0.003,0.0034324109582250994,PASS
10,1.0,25,0.1,0.9,0.1,10,0.0003811799086355615,0.00771889314987012,0.0006,0.00711889314987012,PASS
10,1.0,25,0.1,0.9,0.25,10,0.0003811799086355615,0.00771889314987012,0.0015,0.006218893149870119,PASS
10,1.0,25,0.1,0.9,0.5,10,0.0003811799086355615,0.00771889314987012,0.003,0.00471889314987012,PASS
10,1.0,25,0.2,0.6,0.1,10,0.0003811799086355615,0.004574158903626738,0.0006,0.003974158903626738,PASS
10,1.0,25,0.2,0.6,0.25,10,0.0003811799086355615,0.004574158903626738,0.0015,0.0030741589036267377,PASS
10,1.0,25,0.2,0.6,0.5,10,0.0003811799086355615,0.004574158903626738,0.003,0.0015741589036267377,PASS
10,1.0,25,0.2,0.75,0.1,10,0.0003811799086355615,0.005717698629533422,0.0006,0.005117698629533422,PASS
10,1.0,25,0.2,0.75,0.25,10,0.0003811799086355615,0.005717698629533422,0.0015,0.0042176986295334225,PASS
10,1.0,25,0.2,0.75,0.5,10,0.0003811799086355615,0.005717698629533422,0.003,0.002717698629533422,PASS
10,1.0,25,0.2,0.9,0.1,10,0.0003811799086355615,0.006861238355440107,0.0006,0.006261238355440107,PASS
10,1.0,25,0.2,0.9,0.25,10,0.0003811799086355615,0.006861238355440107,0.0015,0.005361238355440107,PASS
10,1.0,25,0.2,0.9,0.5,10,0.0003811799086355615,0.006861238355440107,0.003,0.0038612383554401065,PASS
10,1.0,25,0.3,0.6,0.1,10,0.0003811799086355615,0.0040023890406733955,0.0006,0.0034023890406733957,PASS
10,1.0,25,0.3,0.6,0.25,10,0.0003811799086355615,0.0040023890406733955,0.0015,0.0025023890406733955,PASS
10,1.0,25,0.3,0.6,0.5,10,0.0003811799086355615,0.0040023890406733955,0.003,0.0010023890406733954,PASS
10,1.0,25,0.3,0.75,0.1,10,0.0003811799086355615,0.005002986300841745,0.0006,0.004402986300841745,PASS
10,1.0,25,0.3,0.75,0.25,10,0.0003811799086355615,0.005002986300841745,0.0015,0.0035029863008417448,PASS
10,1.0,25,0.3,0.75,0.5,10,0.0003811799086355615,0.005002986300841745,0.003,0.0020029863008417447,PASS
10,1.0,25,0.3,0.9,0.1,10,0.0003811799086355615,0.006003583561010093,0.0006,0.005403583561010093,PASS
10,1.0,25,0.3,0.9,0.25,10,0.0003811799086355615,0.006003583561010093,0.0015,0.004503583561010093,PASS
10,1.0,25,0.3,0.9,0.5,10,0.0003811799086355615,0.006003583561010093,0.003,0.003003583561010093,PASS
10,1.0,25,0.4,0.6,0.1,10,0.0003811799086355615,0.0034306191777200533,0.0006,0.0028306191777200534,PASS
10,1.0,25,0.4,0.6,0.25,10,0.0003811799086355615,0.0034306191777200533,0.0015,0.0019306191777200533,PASS
10,1.0,25,0.4,0.6,0.5,10,0.0003811799086355615,0.0034306191777200533,0.003,0.0004306191777200532,PASS
10,1.0,25,0.4,0.75,0.1,10,0.0003811799086355615,0.004288273972150067,0.0006,0.0036882739721500668,PASS
10,1.0,25,0.4,0.75,0.25,10,0.0003811799086355615,0.004288273972150067,0.0015,0.0027882739721500666,PASS
10,1.0,25,0.4,0.75,0.5,10,0.0003811799086355615,0.004288273972150067,0.003,0.0012882739721500665,PASS
10,1.0,25,0.4,0.9,0.1,10,0.0003811799086355615,0.00514592876658008,0.0006,0.00454592876658008,PASS
10,1.0,25,0.4,0.9,0.25,10,0.0003811799086355615,0.00514592876658008,0.0015,0.00364592876658008,PASS
10,1.0,25,0.4,0.9,0.5,10,0.0003811799086355615,0.00514592876658008,0.003,0.00214592876658008,PASS
10,1.0,50,0.1,0.6,0.1,10,0.0003811799086355615,0.01029185753316016,0.0006,0.00969185753316016,PASS
10,1.0,50,0.1,0.6,0.25,10,0.0003811799086355615,0.01029185753316016,0.0015,0.00879185753316016,PASS
10,1.0,50,0.1,0.6,0.5,10,0.0003811799086355615,0.01029185753316016,0.003,0.00729185753316016,PASS
10,1.0,50,0.1,0.75,0.1,10,0.0003811799086355615,0.012864821916450199,0.0006,0.012264821916450199,PASS
10,1.0,50,0.1,0.75,0.25,10,0.0003811799086355615,0.012864821916450199,0.0015,0.0113648219164502,PASS
10,1.0,50,0.1,0.75,0.5,10,0.0003811799086355615,0.012864821916450199,0.003,0.0098648219164502,PASS
10,1.0,50,0.1,0.9,0.1,10,0.0003811799086355615,0.01543778629974024,0.0006,0.01483778629974024,PASS
10,1.0,50,0.1,0.9,0.25,10,0.0003811799086355615,0.01543778629974024,0.0015,0.01393778629974024,PASS
10,1.0,50,0.1,0.9,0.5,10,0.0003811799086355615,0.01543778629974024,0.003,0.012437786299740239,PASS
10,1.0,50,0.2,0.6,0.1,10,0.0003811799086355615,0.009148317807253475,0.0006,0.008548317807253476,PASS
10,1.0,50,0.2,0.6,0.25,10,0.0003811799086355615,0.009148317807253475,0.0015,0.007648317807253476,PASS
10,1.0,50,0.2,0.6,0.5,10,0.0003811799086355615,0.009148317807253475,0.003,0.006148317807253475,PASS
10,1.0,50,0.2,0.75,0.1,10,0.0003811799086355615,0.011435397259066844,0.0006,0.010835397259066844,PASS
10,1.0,50,0.2,0.75,0.25,10,0.0003811799086355615,0.011435397259066844,0.0015,0.009935397259066845,PASS
10,1.0,50,0.2,0.75,0.5,10,0.0003811799086355615,0.011435397259066844,0.003,0.008435397259066845,PASS
10,1.0,50,0.2,0.9,0.1,10,0.0003811799086355615,0.013722476710880213,0.0006,0.013122476710880213,PASS
10,1.0,50,0.2,0.9,0.25,10,0.0003811799086355615,0.013722476710880213,0.0015,0.012222476710880214,PASS
10,1.0,50,0.2,0.9,0.5,10,0.0003811799086355615,0.013722476710880213,0.003,0.010722476710880214,PASS
10,1.0,50,0.3,0.6,0.1,10,0.0003811799086355615,0.008004778081346791,0.0006,0.007404778081346791,PASS
10,1.0,50,0.3,0.6,0.25,10,0.0003811799086355615,0.008004778081346791,0.0015,0.006504778081346791,PASS
10,1.0,50,0.3,0.6,0.5,10,0.0003811799086355615,0.008004778081346791,0.003,0.005004778081346791,PASS
10,1.0,50,0.3,0.75,0.1,10,0.0003811799086355615,0.01000597260168349,0.0006,0.00940597260168349,PASS
10,1.0,50,0.3,0.75,0.25,10,0.0003811799086355615,0.01000597260168349,0.0015,0.00850597260168349,PASS
10,1.0,50,0.3,0.75,0.5,10,0.0003811799086355615,0.01000597260168349,0.003,0.0070059726016834896,PASS
10,1.0,50,0.3,0.9,0.1,10,0.0003811799086355615,0.012007167122020187,0.0006,0.011407167122020187,PASS
10,1.0,50,0.3,0.9,0.25,10,0.0003811799086355615,0.012007167122020187,0.0015,0.010507167122020187,PASS
10,1.0,50,0.3,0.9,0.5,10,0.0003811799086355615,0.012007167122020187,0.003,0.009007167122020186,PASS
10,1.0,50,0.4,0.6,0.1,10,0.0003811799086355615,0.006861238355440107,0.0006,0.006261238355440107,PASS
10,1.0,50,0.4,0.6,0.25,10,0.0003811799086355615,0.006861238355440107,0.0015,0.005361238355440107,PASS
10,1.0,50,0.4,0.6,0.5,10,0.0003811799086355615,0.006861238355440107,0.003,0.0038612383554401065,PASS
10,1.0,50,0.4,0.75,0.1,10,0.0003811799086355615,0.008576547944300133,0.0006,0.007976547944300133,PASS
10,1.0,50,0.4,0.75,0.25,10,0.0003811799086355615,0.008576547944300133,0.0015,0.007076547944300134,PASS
10,1.0,50,0.4,0.75,0.5,10,0.0003811799086355615,0.008576547944300133,0.003,0.005576547944300133,PASS
10,1.0,50,0.4,0.9,0.1,10,0.0003811799086355615,0.01029185753316016,0.0006,0.00969185753316016,PASS
10,1.0,50,0.4,0.9,0.25,10,0.0003811799086355615,0.01029185753316016,0.0015,0.00879185753316016,PASS
10,1.0,50,0.4,0.9,0.5,10,0.0003811799086355615,0.01029185753316016,0.003,0.00729185753316016,PASS
10,1.0,100,0.1,0.6,0.1,10,0.0003811799086355615,0.02058371506632032,0.0006,0.01998371506632032,PASS
10,1.0,100,0.1,0.6,0.25,10,0.0003811799086355615,0.02058371506632032,0.0015,0.01908371506632032,PASS
10,1.0,100,0.1,0.6,0.5,10,0.0003811799086355615,0.02058371506632032,0.003,0.01758371506632032,PASS
10,1.0,100,0.1,0.75,0.1,10,0.0003811799086355615,0.025729643832900398,0.0006,0.025129643832900398,PASS
10,1.0,100,0.1,0.75,0.25,10,0.0003811799086355615,0.025729643832900398,0.0015,0.024229643832900397,PASS
10,1.0,100,0.1,0.75,0.5,10,0.0003811799086355615,0.025729643832900398,0.003,0.0227296438329004,PASS
10,1.0,100,0.1,0.9,0.1,10,0.0003811799086355615,0.03087557259948048,0.0006,0.03027557259948048,PASS
10,1.0,100,0.1,0.9,0.25,10,0.0003811799086355615,0.03087557259948048,0.0015,0.029375572599480478,PASS
10,1.0,100,0.1,0.9,0.5,10,0.0003811799086355615,0.03087557259948048,0.003,0.02787557259948048,PASS
10,1.0,100,0.2,0.6,0.1,10,0.0003811799086355615,0.01829663561450695,0.0006,0.01769663561450695,PASS
10,1.0,100,0.2,0.6,0.25,10,0.0003811799086355615,0.01829663561450695,0.0015,0.01679663561450695,PASS
10,1.0,100,0.2,0.6,0.5,10,0.0003811799086355615,0.01829663561450695,0.003,0.015296635614506952,PASS
10,1.0,100,0.2,0.75,0.1,10,0.0003811799086355615,0.02287079451813369,0.0006,0.02227079451813369,PASS
10,1.0,100,0.2,0.75,0.25,10,0.0003811799086355615,0.02287079451813369,0.0015,0.021370794518133687,PASS
10,1.0,100,0.2,0.75,0.5,10,0.0003811799086355615,0.02287079451813369,0.003,0.01987079451813369,PASS
10,1.0,100,0.2,0.9,0.1,10,0.0003811799086355615,0.027444953421760426,0.0006,0.026844953421760426,PASS
10,1.0,100,0.2,0.9,0.25,10,0.0003811799086355615,0.027444953421760426,0.0015,0.025944953421760425,PASS
10,1.0,100,0.2,0.9,0.5,10,0.0003811799086355615,0.027444953421760426,0.003,0.024444953421760427,PASS
10,1.0,100,0.3,0.6,0.1,10,0.0003811799086355615,0.016009556162693582,0.0006,0.015409556162693582,PASS
10,1.0,100,0.3,0.6,0.25,10,0.0003811799086355615,0.016009556162693582,0.0015,0.014509556162693582,PASS
10,1.0,100,0.3,0.6,0.5,10,0.0003811799086355615,0.016009556162693582,0.003,0.013009556162693583,PASS
10,1.0,100,0.3,0.75,0.1,10,0.0003811799086355615,0.02001194520336698,0.0006,0.01941194520336698,PASS
10,1.0,100,0.3,0.75,0.25,10,0.0003811799086355615,0.02001194520336698,0.0015,0.018511945203366978,PASS
10,1.0,100,0.3,0.75,0.5,10,0.0003811799086355615,0.02001194520336698,0.003,0.01701194520336698,PASS
10,1.0,100,0.3,0.9,0.1,10,0.0003811799086355615,0.024014334244040373,0.0006,0.023414334244040373,PASS
10,1.0,100,0.3,0.9,0.25,10,0.0003811799086355615,0.024014334244040373,0.0015,0.02251433424404037,PASS
10,1.0,100,0.3,0.9,0.5,10,0.0003811799086355615,0.024014334244040373,0.003,0.021014334244040374,PASS
10,1.0,100,0.4,0.6,0.1,10,0.0003811799086355615,0.013722476710880213,0.0006,0.013122476710880213,PASS
10,1.0,100,0.4,0.6,0.25,10,0.0003811799086355615,0.013722476710880213,0.0015,0.012222476710880214,PASS
10,1.0,100,0.4,0.6,0.5,10,0.0003811799086355615,0.013722476710880213,0.003,0.010722476710880214,PASS
10,1.0,100,0.4,0.75,0.1,10,0.0003811799086355615,0.017153095888600266,0.0006,0.016553095888600267,PASS
10,1.0,100,0.4,0.75,0.25,10,0.0003811799086355615,0.017153095888600266,0.0015,0.015653095888600265,PASS
10,1.0,100,0.4,0.75,0.5,10,0.0003811799086355615,0.017153095888600266,0.003,0.014153095888600267,PASS
10,1.0,100,0.4,0.9,0.1,10,0.0003811799086355615,0.02058371506632032,0.0006,0.01998371506632032,PASS
10,1.0,100,0.4,0.9,0.25,10,0.0003811799086355615,0.02058371506632032,0.0015,0.01908371506632032,PASS
10,1.0,100,0.4,0.9,0.5,10,0.0003811799086355615,0.02058371506632032,0.003,0.01758371506632032,PASS
10,1.0,200,0.1,0.6,0.1,10,0.0003811799086355615,0.04116743013264064,0.0006,0.040567430132640636,PASS
10,1.0,200,0.1,0.6,0.25,10,0.0003811799086355615,0.04116743013264064,0.0015,0.03966743013264064,PASS
10,1.0,200,0.1,0.6,0.5,10,0.0003811799086355615,0.04116743013264064,0.003,0.03816743013264064,PASS
10,1.0,200,0.1,0.75,0.1,10,0.0003811799086355615,0.051459287665800796,0.0006,0.05085928766580079,PASS
10,1.0,200,0.1,0.75,0.25,10,0.0003811799086355615,0.051459287665800796,0.0015,0.049959287665800794,PASS
10,1.0,200,0.1,0.75,0.5,10,0.0003811799086355615,0.051459287665800796,0.003,0.04845928766580079,PASS
10,1.0,200,0.1,0.9,0.1,10,0.0003811799086355615,0.06175114519896096,0.0006,0.061151145198960956,PASS
10,1.0,200,0.1,0.9,0.25,10,0.0003811799086355615,0.06175114519896096,0.0015,0.06025114519896096,PASS
10,1.0,200,0.1,0.9,0.5,10,0.0003811799086355615,0.06175114519896096,0.003,0.058751145198960956,PASS
10,1.0,200,0.2,0.6,0.1,10,0.0003811799086355615,0.0365932712290139,0.0006,0.0359932712290139,PASS
10,1.0,200,0.2,0.6,0.25,10,0.0003811799086355615,0.0365932712290139,0.0015,0.0350932712290139,PASS
10,1.0,200,0.2,0.6,0.5,10,0.0003811799086355615,0.0365932712290139,0.003,0.0335932712290139,PASS
10,1.0,200,0.2,0.75,0.1,10,0.0003811799086355615,0.04574158903626738,0.0006,0.045141589036267374,PASS
10,1.0,200,0.2,0.75,0.25,10,0.0003811799086355615,0.04574158903626738,0.0015,0.044241589036267376,PASS
10,1.0,200,0.2,0.75,0.5,10,0.0003811799086355615,0.04574158903626738,0.003,0.042741589036267374,PASS
10,1.0,200,0.2,0.9,0.1,10,0.0003811799086355615,0.05488990684352085,0.0006,0.05428990684352085,PASS
10,1.0,200,0.2,0.9,0.25,10,0.0003811799086355615,0.05488990684352085,0.0015,0.05338990684352085,PASS
10,1.0,200,0.2,0.9,0.5,10,0.0003811799086355615,0.05488990684352085,0.003,0.05188990684352085,PASS
10,1.0,200,0.3,0.6,0.1,10,0.0003811799086355615,0.032019112325387164,0.0006,0.03141911232538716,PASS
10,1.0,200,0.3,0.6,0.25,10,0.0003811799086355615,0.032019112325387164,0.0015,0.030519112325387163,PASS
10,1.0,200,0.3,0.6,0.5,10,0.0003811799086355615,0.032019112325387164,0.003,0.029019112325387165,PASS
10,1.0,200,0.3,0.75,0.1,10,0.0003811799086355615,0.04002389040673396,0.0006,0.039423890406733955,PASS
10,1.0,200,0.3,0.75,0.25,10,0.0003811799086355615,0.04002389040673396,0.0015,0.03852389040673396,PASS
10,1.0,200,0.3,0.75,0.5,10,0.0003811799086355615,0.04002389040673396,0.003,0.037023890406733956,PASS
10,1.0,200,0.3,0.9,0.1,10,0.0003811799086355615,0.048028668488080746,0.0006,0.04742866848808074,PASS
10,1.0,200,0.3,0.9,0.25,10,0.0003811799086355615,0.048028668488080746,0.0015,0.046528668488080745,PASS
10,1.0,200,0.3,0.9,0.5,10,0.0003811799086355615,0.048028668488080746,0.003,0.04502866848808074,PASS
10,1.0,200,0.4,0.6,0.1,10,0.0003811799086355615,0.027444953421760426,0.0006,0.026844953421760426,PASS
10,1.0,200,0.4,0.6,0.25,10,0.0003811799086355615,0.027444953421760426,0.0015,0.025944953421760425,PASS
10,1.0,200,0.4,0.6,0.5,10,0.0003811799086355615,0.027444953421760426,0.003,0.024444953421760427,PASS
10,1.0,200,0.4,0.75,0.1,10,0.0003811799086355615,0.03430619177720053,0.0006,0.03370619177720053,PASS
10,1.0,200,0.4,0.75,0.25,10,0.0003811799086355615,0.03430619177720053,0.0015,0.03280619177720053,PASS
10,1.0,200,0.4,0.75,0.5,10,0.0003811799086355615,0.03430619177720053,0.003,0.03130619177720053,PASS
10,1.0,200,0.4,0.9,0.1,10,0.0003811799086355615,0.04116743013264064,0.0006,0.040567430132640636,PASS
10,1.0,200,0.4,0.9,0.25,10,0.0003811799086355615,0.04116743013264064,0.0015,0.03966743013264064,PASS
10,1.0,200,0.4,0.9,0.5,10,0.0003811799086355615,0.04116743013264064,0.003,0.03816743013264064,PASS
10,2.0,25,0.1,0.6,0.1,10,0.0009131562646434332,0.012327609572686348,0.0006,0.011727609572686348,PASS
10,2.0,25,0.1,0.6,0.25,10,0.0009131562646434332,0.012327609572686348,0.0015,0.010827609572686348,PASS
10,2.0,25,0.1,0.6,0.5,10,0.0009131562646434332,0.012327609572686348,0.003,0.009327609572686347,PASS
10,2.0,25,0.1,0.75,0.1,10,0.0009131562646434332,0.015409511965857936,0.0006,0.014809511965857936,PASS
10,2.0,25,0.1,0.75,0.25,10,0.0009131562646434332,0.015409511965857936,0.0015,0.013909511965857936,PASS
10,2.0,25,0.1,0.75,0.5,10,0.0009131562646434332,0.015409511965857936,0.003,0.012409511965857937,PASS
10,2.0,25,0.1,0.9,0.1,10,0.0009131562646434332,0.018491414359029523,0.0006,0.017891414359029523,PASS
10,2.0,25,0.1,0.9,0.25,10,0.0009131562646434332,0.018491414359029523,0.0015,0.01699141435902952,PASS
10,2.0,25,0.1,0.9,0.5,10,0.0009131562646434332,0.018491414359029523,0.003,0.015491414359029523,PASS
10,2.0,25,0.2,0.6,0.1,10,0.0009131562646434332,0.010957875175721199,0.0006,0.010357875175721199,PASS
10,2.0,25,0.2,0.6,0.25,10,0.0009131562646434332,0.010957875175721199,0.0015,0.009457875175721199,PASS
10,2.0,25,0.2,0.6,0.5,10,0.0009131562646434332,0.010957875175721199,0.003,0.007957875175721198,PASS
10,2.0,25,0.2,0.75,0.1,10,0.0009131562646434332,0.013697343969651499,0.0006,0.013097343969651499,PASS
10,2.0,25,0.2,0.75,0.25,10,0.0009131562646434332,0.013697343969651499,0.0015,0.012197343969651499,PASS
10,2.0,25,0.2,0.75,0.5,10,0.0009131562646434332,0.013697343969651499,0.003,0.0106973439696515,PASS
10,2.0,25,0.2,0.9,0.1,10,0.0009131562646434332,0.0164368127635818,0.0006,0.0158368127635818,PASS
10,2.0,25,0.2,0.9,0.25,10,0.0009131562646434332,0.0164368127635818,0.0015,0.014936812763581801,PASS
10,2.0,25,0.2,0.9,0.5,10,0.0009131562646434332,0.0164368127635818,0.003,0.013436812763581801,PASS
10,2.0,25,0.3,0.6,0.1,10,0.0009131562646434332,0.00958814077875605,0.0006,0.00898814077875605,PASS
10,2.0,25,0.3,0.6,0.25,10,0.0009131562646434332,0.00958814077875605,0.0015,0.00808814077875605,PASS
10,2.0,25,0.3,0.6,0.5,10,0.0009131562646434332,0.00958814077875605,0.003,0.006588140778756049,PASS
10,2.0,25,0.3,0.75,0.1,10,0.0009131562646434332,0.011985175973445061,0.0006,0.011385175973445062,PASS
10,2.0,25,0.3,0.75,0.25,10,0.0009131562646434332,0.011985175973445061,0.0015,0.010485175973445062,PASS
10,2.0,25,0.3,0.75,0.5,10,0.0009131562646434332,0.011985175973445061,0.003,0.008985175973445062,PASS
10,2.0,25,0.3,0.9,0.1,10,0.0009131562646434332,0.014382211168134073,0.0006,0.013782211168134073,PASS
10,2.0,25,0.3,0.9,0.25,10,0.0009131562646434332,0.014382211168134073,0.0015,0.012882211168134074,PASS
10,2.0,25,0.3,0.9,0.5,10,0.0009131562646434332,0.014382211168134073,0.003,0.011382211168134072,PASS
10,2.0,25,0.4,0.6,0.1,10,0.0009131562646434332,0.008218406381790899,0.0006,0.007618406381790899,PASS
10,2.0,25,0.4,0.6,0.25,10,0.0009131562646434332,0.008218406381790899,0.0015,0.006718406381790899,PASS
10,2.0,25,0.4,0.6,0.5,10,0.0009131562646434332,0.008218406381790899,0.003,0.0052184063817908985,PASS
10,2.0,25,0.4,0.75,0.1,10,0.0009131562646434332,0.010273007977238624,0.0006,0.009673007977238624,PASS
10,2.0,25,0.4,0.75,0.25,10,0.0009131562646434332,0.010273007977238624,0.0015,0.008773007977238624,PASS
10,2.0,25,0.4,0.75,0.5,10,0.0009131562646434332,0.010273007977238624,0.003,0.007273007977238624,PASS
10,2.0,25,0.4,0.9,0.1,10,0.0009131562646434332,0.01232760957268635,0.0006,0.01172760957268635,PASS
10,2.0,25,0.4,0.9,0.25,10,0.0009131562646434332,0.01232760957268635,0.0015,0.01082760957268635,PASS
10,2.0,25,0.4,0.9,0.5,10,0.0009131562646434332,0.01232760957268635,0.003,0.00932760957268635,PASS
10,2.0,50,0.1,0.6,0.1,10,0.0009131562646434332,0.024655219145372696,0.0006,0.024055219145372696,PASS
10,2.0,50,0.1,0.6,0.25,10,0.0009131562646434332,0.024655219145372696,0.0015,0.023155219145372694,PASS
10,2.0,50,0.1,0.6,0.5,10,0.0009131562646434332,0.024655219145372696,0.003,0.021655219145372696,PASS
10,2.0,50,0.1,0.75,0.1,10,0.0009131562646434332,0.030819023931715872,0.0006,0.030219023931715872,PASS
10,2.0,50,0.1,0.75,0.25,10,0.0009131562646434332,0.030819023931715872,0.0015,0.02931902393171587,PASS
10,2.0,50,0.1,0.75,0.5,10,0.0009131562646434332,0.030819023931715872,0.003,0.027819023931715873,PASS
10,2.0,50,0.1,0.9,0.1,10,0.0009131562646434332,0.036982828718059045,0.0006,0.03638282871805904,PASS
10,2.0,50,0.1,0.9,0.25,10,0.0009131562646434332,0.036982828718059045,0.0015,0.035482828718059044,PASS
10,2.0,50,0.1,0.9,0.5,10,0.0009131562646434332,0.036982828718059045,0.003,0.03398282871805904,PASS
10,2.0,50,0.2,0.6,0.1,10,0.0009131562646434332,0.021915750351442397,0.0006,0.021315750351442397,PASS
10,2.0,50,0.2,0.6,0.25,10,0.0009131562646434332,0.021915750351442397,0.0015,0.020415750351442396,PASS
10,2.0,50,0.2,0.6,0.5,10,0.0009131562646434332,0.021915750351442397,0.003,0.018915750351442398,PASS
10,2.0,50,0.2,0.75,0.1,10,0.0009131562646434332,0.027394687939302997,0.0006,0.026794687939302998,PASS
10,2.0,50,0.2,0.75,0.25,10,0.0009131562646434332,0.027394687939302997,0.0015,0.025894687939302996,PASS
10,2.0,50,0.2,0.75,0.5,10,0.0009131562646434332,0.027394687939302997,0.003,0.024394687939302998,PASS
10,2.0,50,0.2,0.9,0.1,10,0.0009131562646434332,0.0328736255271636,0.0006,0.0322736255271636,PASS
10,2.0,50,0.2,0.9,0.25,10,0.0009131562646434332,0.0328736255271636,0.0015,0.0313736255271636,PASS
10,2.0,50,0.2,0.9,0.5,10,0.0009131562646434332,0.0328736255271636,0.003,0.029873625527163602,PASS
10,2.0,50,0.3,0.6,0.1,10,0.0009131562646434332,0.0191762815575121,0.0006,0.0185762815575121,PASS
10,2.0,50,0.3,0.6,0.25,10,0.0009131562646434332,0.0191762815575121,0.0015,0.017676281557512098,PASS
10,2.0,50,0.3,0.6,0.5,10,0.0009131562646434332,0.0191762815575121,0.003,0.0161762815575121,PASS
10,2.0,50,0.3,0.75,0.1,10,0.0009131562646434332,0.023970351946890123,0.0006,0.023370351946890123,PASS
10,2.0,50,0.3,0.75,0.25,10,0.0009131562646434332,0.023970351946890123,0.0015,0.02247035194689012,PASS
10,2.0,50,0.3,0.75,0.5,10,0.0009131562646434332,0.023970351946890123,0.003,0.020970351946890124,PASS
10,2.0,50,0.3,0.9,0.1,10,0.0009131562646434332,0.028764422336268147,0.0006,0.028164422336268147,PASS
10,2.0,50,0.3,0.9,0.25,10,0.0009131562646434332,0.028764422336268147,0.0015,0.027264422336268145,PASS
10,2.0,50,0.3,0.9,0.5,10,0.0009131562646434332,0.028764422336268147,0.003,0.025764422336268147,PASS
10,2.0,50,0.4,0.6,0.1,10,0.0009131562646434332,0.016436812763581797,0.0006,0.015836812763581797,PASS
10,2.0,50,0.4,0.6,0.25,10,0.0009131562646434332,0.016436812763581797,0.0015,0.014936812763581797,PASS
10,2.0,50,0.4,0.6,0.5,10,0.0009131562646434332,0.016436812763581797,0.003,0.013436812763581798,PASS
10,2.0,50,0.4,0.75,0.1,10,0.0009131562646434332,0.020546015954477248,0.0006,0.019946015954477248,PASS
10,2.0,50,0.4,0.75,0.25,10,0.0009131562646434332,0.020546015954477248,0.0015,0.019046015954477247,PASS
10,2.0,50,0.4,0.75,0.5,10,0.0009131562646434332,0.020546015954477248,0.003,0.01754601595447725,PASS
10,2.0,50,0.4,0.9,0.1,10,0.0009131562646434332,0.0246552191453727,0.0006,0.0240552191453727,PASS
10,2.0,50,0.4,0.9,0.25,10,0.0009131562646434332,0.0246552191453727,0.0015,0.023155219145372698,PASS
10,2.0,50,0.4,0.9,0.5,10,0.0009131562646434332,0.0246552191453727,0.003,0.0216552191453727,PASS
10,2.0,100,0.1,0.6,0.1,10,0.0009131562646434332,0.04931043829074539,0.0006,0.04871043829074539,PASS
10,2.0,100,0.1,0.6,0.25,10,0.0009131562646434332,0.04931043829074539,0.0015,0.04781043829074539,PASS
10,2.0,100,0.1,0.6,0.5,10,0.0009131562646434332,0.04931043829074539,0.003,0.04631043829074539,PASS
10,2.0,100,0.1,0.75,0.1,10,0.0009131562646434332,0.061638047863431744,0.0006,0.06103804786343174,PASS
10,2.0,100,0.1,0.75,0.25,10,0.0009131562646434332,0.061638047863431744,0.0015,0.06013804786343174,PASS
10,2.0,100,0.1,0.75,0.5,10,0.0009131562646434332,0.061638047863431744,0.003,0.05863804786343174,PASS
10,2.0,100,0.1,0.9,0.1,10,0.0009131562646434332,0.07396565743611809,0.0006,0.07336565743611809,PASS
10,2.0,100,0.1,0.9,0.25,10,0.0009131562646434332,0.07396565743611809,0.0015,0.07246565743611809,PASS
10,2.0,100,0.1,0.9,0.5,10,0.0009131562646434332,0.07396565743611809,0.003,0.07096565743611809,PASS
10,2.0,100,0.2,0.6,0.1,10,0.0009131562646434332,0.043831500702884794,0.0006,0.04323150070288479,PASS
10,2.0,100,0.2,0.6,0.25,10,0.0009131562646434332,0.043831500702884794,0.0015,0.04233150070288479,PASS
10,2.0,100,0.2,0.6,0.5,10,0.0009131562646434332,0.043831500702884794,0.003,0.04083150070288479,PASS
10,2.0,100,0.2,0.75,0.1,10,0.0009131562646434332,0.054789375878605995,0.0006,0.05418937587860599,PASS
10,2.0,100,0.2,0.75,0.25,10,0.0009131562646434332,0.054789375878605995,0.0015,0.05328937587860599,PASS
10,2.0,100,0.2,0.75,0.5,10,0.0009131562646434332,0.054789375878605995,0.003,0.05178937587860599,PASS
10,2.0,100,0.2,0.9,0.1,10,0.0009131562646434332,0.0657472510543272,0.0006,0.0651472510543272,PASS
10,2.0,100,0.2,0.9,0.25,10,0.0009131562646434332,0.0657472510543272,0.0015,0.0642472510543272,PASS
10,2.0,100,0.2,0.9,0.5,10,0.0009131562646434332,0.0657472510543272,0.003,0.0627472510543272,PASS
10,2.0,100,0.3,0.6,0.1,10,0.0009131562646434332,0.0383525631150242,0.0006,0.037752563115024194,PASS
10,2.0,100,0.3,0.6,0.25,10,0.0009131562646434332,0.0383525631150242,0.0015,0.036852563115024196,PASS
10,2.0,100,0.3,0.6,0.5,10,0.0009131562646434332,0.0383525631150242,0.003,0.035352563115024195,PASS
10,2.0,100,0.3,0.75,0.1,10,0.0009131562646434332,0.047940703893780245,0.0006,0.04734070389378024,PASS
10,2.0,100,0.3,0.75,0.25,10,0.0009131562646434332,0.047940703893780245,0.0015,0.046440703893780244,PASS
10,2.0,100,0.3,0.75,0.5,10,0.0009131562646434332,0.047940703893780245,0.003,0.04494070389378024,PASS
10,2.0,100,0.3,0.9,0.1,10,0.0009131562646434332,0.05752884467253629,0.0006,0.05692884467253629,PASS
10,2.0,100,0.3,0.9,0.25,10,0.0009131562646434332,0.05752884467253629,0.0015,0.05602884467253629,PASS
10,2.0,100,0.3,0.9,0.5,10,0.0009131562646434332,0.05752884467253629,0.003,0.05452884467253629,PASS
10,2.0,100,0.4,0.6,0.1,10,0.0009131562646434332,0.032873625527163594,0.0006,0.03227362552716359,PASS
10,2.0,100,0.4,0.6,0.25,10,0.0009131562646434332,0.032873625527163594,0.0015,0.03137362552716359,PASS
10,2.0,100,0.4,0.6,0.5,10,0.0009131562646434332,0.032873625527163594,0.003,0.029873625527163595,PASS
10,2.0,100,0.4,0.75,0.1,10,0.0009131562646434332,0.041092031908954496,0.0006,0.04049203190895449,PASS
10,2.0,100,0.4,0.75,0.25,10,0.0009131562646434332,0.041092031908954496,0.0015,0.039592031908954495,PASS
10,2.0,100,0.4,0.75,0.5,10,0.0009131562646434332,0.041092031908954496,0.003,0.03809203190895449,PASS
10,2.0,100,0.4,0.9,0.1,10,0.0009131562646434332,0.0493104382907454,0.0006,0.048710438290745395,PASS
10,2.0,100,0.4,0.9,0.25,10,0.0009131562646434332,0.0493104382907454,0.0015,0.0478104382907454,PASS
10,2.0,100,0.4,0.9,0.5,10,0.0009131562646434332,0.0493104382907454,0.003,0.046310438290745395,PASS
10,2.0,200,0.1,0.6,0.1,10,0.0009131562646434332,0.09862087658149078,0.0006,0.09802087658149078,PASS
10,2.0,200,0.1,0.6,0.25,10,0.0009131562646434332,0.09862087658149078,0.0015,0.09712087658149078,PASS
10,2.0,200,0.1,0.6,0.5,10,0.0009131562646434332,0.09862087658149078,0.003,0.09562087658149078,PASS
10,2.0,200,0.1,0.75,0.1,10,0.0009131562646434332,0.12327609572686349,0.0006,0.12267609572686348,PASS
10,2.0,200,0.1,0.75,0.25,10,0.0009131562646434332,0.12327609572686349,0.0015,0.12177609572686349,PASS
10,2.0,200,0.1,0.75,0.5,10,0.0009131562646434332,0.12327609572686349,0.003,0.12027609572686349,PASS
10,2.0,200,0.1,0.9,0.1,10,0.0009131562646434332,0.14793131487223618,0.0006,0.1473313148722362,PASS
10,2.0,200,0.1,0.9,0.25,10,0.0009131562646434332,0.14793131487223618,0.0015,0.14643131487223618,PASS
10,2.0,200,0.1,0.9,0.5,10,0.0009131562646434332,0.14793131487223618,0.003,0.14493131487223618,PASS
10,2.0,200,0.2,0.6,0.1,10,0.0009131562646434332,0.08766300140576959,0.0006,0.08706300140576959,PASS
10,2.0,200,0.2,0.6,0.25,10,0.0009131562646434332,0.08766300140576959,0.0015,0.08616300140576959,PASS
10,2.0,200,0.2,0.6,0.5,10,0.0009131562646434332,0.08766300140576959,0.003,0.08466300140576959,PASS
10,2.0,200,0.2,0.75,0.1,10,0.0009131562646434332,0.10957875175721199,0.0006,0.10897875175721199,PASS
10,2.0,200,0.2,0.75,0.25,10,0.0009131562646434332,0.10957875175721199,0.0015,0.10807875175721199,PASS
10,2.0,200,0.2,0.75,0.5,10,0.0009131562646434332,0.10957875175721199,0.003,0.10657875175721199,PASS
10,2.0,200,0.2,0.9,0.1,10,0.0009131562646434332,0.1314945021086544,0.0006,0.13089450210865441,PASS
10,2.0,200,0.2,0.9,0.25,10,0.0009131562646434332,0.1314945021086544,0.0015,0.1299945021086544,PASS
10,2.0,200,0.2,0.9,0.5,10,0.0009131562646434332,0.1314945021086544,0.003,0.1284945021086544,PASS
10,2.0,200,0.3,0.6,0.1,10,0.0009131562646434332,0.0767051262300484,0.0006,0.07610512623004839,PASS
10,2.0,200,0.3,0.6,0.25,10,0.0009131562646434332,0.0767051262300484,0.0015,0.0752051262300484,PASS
10,2.0,200,0.3,0.6,0.5,10,0.0009131562646434332,0.0767051262300484,0.003,0.07370512623004839,PASS
10,2.0,200,0.3,0.75,0.1,10,0.0009131562646434332,0.09588140778756049,0.0006,0.09528140778756049,PASS
10,2.0,200,0.3,0.75,0.25,10,0.0009131562646434332,0.09588140778756049,0.0015,0.09438140778756049,PASS
10,2.0,200,0.3,0.75,0.5,10,0.0009131562646434332,0.09588140778756049,0.003,0.09288140778756049,PASS
10,2.0,200,0.3,0.9,0.1,10,0.0009131562646434332,0.11505768934507259,0.0006,0.11445768934507258,PASS
10,2.0,200,0.3,0.9,0.25,10,0.0009131562646434332,0.11505768934507259,0.0015,0.11355768934507258,PASS
10,2.0,200,0.3,0.9,0.5,10,0.0009131562646434332,0.11505768934507259,0.003,0.11205768934507258,PASS
10,2.0,200,0.4,0.6,0.1,10,0.0009131562646434332,0.06574725105432719,0.0006,0.06514725105432718,PASS
10,2.0,200,0.4,0.6,0.25,10,0.0009131562646434332,0.06574725105432719,0.0015,0.06424725105432719,PASS
10,2.0,200,0.4,0.6,0.5,10,0.0009131562646434332,0.06574725105432719,0.003,0.06274725105432719,PASS
10,2.0,200,0.4,0.75,0.1,10,0.0009131562646434332,0.08218406381790899,0.0006,0.08158406381790899,PASS
10,2.0,200,0.4,0.75,0.25,10,0.0009131562646434332,0.08218406381790899,0.0015,0.08068406381790899,PASS
10,2.0,200,0.4,0.75,0.5,10,0.0009131562646434332,0.08218406381790899,0.003,0.07918406381790899,PASS
10,2.0,200,0.4,0.9,0.1,10,0.0009131562646434332,0.0986208765814908,0.0006,0.09802087658149079,PASS
10,2.0,200,0.4,0.9,0.25,10,0.0009131562646434332,0.0986208765814908,0.0015,0.0971208765814908,PASS
10,2.0,200,0.4,0.9,0.5,10,0.0009131562646434332,0.0986208765814908,0.003,0.0956208765814908,PASS
20,0.5,25,0.1,0.6,0.1,10,0.0006602580560294549,0.00891348375639764,0.0006,0.00831348375639764,PASS
20,0.5,25,0.1,0.6,0.25,10,0.0006602580560294549,0.00891348375639764,0.0015,0.007413483756397641,PASS
20,0.5,25,0.1,0.6,0.5,10,0.0006602580560294549,0.00891348375639764,0.003,0.0059134837563976405,PASS
20,0.5,25,0.1,0.75,0.1,10,0.0006602580560294549,0.011141854695497052,0.0006,0.010541854695497052,PASS
20,0.5,25,0.1,0.75,0.25,10,0.0006602580560294549,0.011141854695497052,0.0015,0.009641854695497052,PASS
20,0.5,25,0.1,0.75,0.5,10,0.0006602580560294549,0.011141854695497052,0.003,0.008141854695497053,PASS
20,0.5,25,0.1,0.9,0.1,10,0.0006602580560294549,0.013370225634596462,0.0006,0.012770225634596462,PASS
20,0.5,25,0.1,0.9,0.25,10,0.0006602580560294549,0.013370225634596462,0.0015,0.011870225634596462,PASS
20,0.5,25,0.1,0.9,0.5,10,0.0006602580560294549,0.013370225634596462,0.003,0.010370225634596462,PASS
20,0.5,25,0.2,0.6,0.1,10,0.0006602580560294549,0.007923096672353459,0.0006,0.007323096672353459,PASS
20,0.5,25,0.2,0.6,0.25,10,0.0006602580560294549,0.007923096672353459,0.0015,0.006423096672353459,PASS
20,0.5,25,0.2,0.6,0.5,10,0.0006602580560294549,0.007923096672353459,0.003,0.004923096672353459,PASS
20,0.5,25,0.2,0.75,0.1,10,0.0006602580560294549,0.009903870840441824,0.0006,0.009303870840441824,PASS
20,0.5,25,0.2,0.75,0.25,10,0.0006602580560294549,0.009903870840441824,0.0015,0.008403870840441825,PASS
20,0.5,25,0.2,0.75,0.5,10,0.0006602580560294549,0.009903870840441824,0.003,0.006903870840441824,PASS
20,0.5,25,0.2,0.9,0.1,10,0.0006602580560294549,0.01188464500853019,0.0006,0.01128464500853019,PASS
20,0.5,25,0.2,0.9,0.25,10,0.0006602580560294549,0.01188464500853019,0.0015,0.01038464500853019,PASS
20,0.5,25,0.2,0.9,0.5,10,0.0006602580560294549,0.01188464500853019,0.003,0.00888464500853019,PASS
20,0.5,25,0.3,0.6,0.1,10,0.0006602580560294549,0.006932709588309276,0.0006,0.006332709588309276,PASS
20,0.5,25,0.3,0.6,0.25,10,0.0006602580560294549,0.006932709588309276,0.0015,0.005432709588309275,PASS
20,0.5,25,0.3,0.6,0.5,10,0.0006602580560294549,0.006932709588309276,0.003,0.003932709588309276,PASS
20,0.5,25,0.3,0.75,0.1,10,0.0006602580560294549,0.008665886985386595,0.0006,0.008065886985386595,PASS
20,0.5,25,0.3,0.75,0.25,10,0.0006602580560294549,0.008665886985386595,0.0015,0.007165886985386595,PASS
20,0.5,25,0.3,0.75,0.5,10,0.0006602580560294549,0.008665886985386595,0.003,0.0056658869853865946,PASS
20,0.5,25,0.3,0.9,0.1,10,0.0006602580560294549,0.010399064382463914,0.0006,0.009799064382463914,PASS
20,0.5,25,0.3,0.9,0.25,10,0.0006602580560294549,0.010399064382463914,0.0015,0.008899064382463915,PASS
20,0.5,25,0.3,0.9,0.5,10,0.0006602580560294549,0.010399064382463914,0.003,0.007399064382463914,PASS
20,0.5,25,0.4,0.6,0.1,10,0.0006602580560294549,0.005942322504265094,0.0006,0.005342322504265094,PASS
20,0.5,25,0.4,0.6,0.25,10,0.0006602580560294549,0.005942322504265094,0.0015,0.0044423225042650935,PASS
20,0.5,25,0.4,0.6,0.5,10,0.0006602580560294549,0.005942322504265094,0.003,0.002942322504265094,PASS
20,0.5,25,0.4,0.75,0.1,10,0.0006602580560294549,0.0074279031303313686,0.0006,0.006827903130331369,PASS
20,0.5,25,0.4,0.75,0.25,10,0.0006602580560294549,0.0074279031303313686,0.0015,0.005927903130331369,PASS
20,0.5,25,0.4,0.75,0.5,10,0.0006602580560294549,0.0074279031303313686,0.003,0.0044279031303313685,PASS
20,0.5,25,0.4,0.9,0.1,10,0.0006602580560294549,0.008913483756397642,0.0006,0.008313483756397642,PASS
20,0.5,25,0.4,0.9,0.25,10,0.0006602580560294549,0.008913483756397642,0.0015,0.007413483756397643,PASS
20,0.5,25,0.4,0.9,0.5,10,0.0006602580560294549,0.008913483756397642,0.003,0.005913483756397642,PASS
20,0.5,50,0.1,0.6,0.1,10,0.0006602580560294549,0.01782696751279528,0.0006,0.01722696751279528,PASS
20,0.5,50,0.1,0.6,0.25,10,0.0006602580560294549,0.01782696751279528,0.0015,0.01632696751279528,PASS
20,0.5,50,0.1,0.6,0.5,10,0.0006602580560294549,0.01782696751279528,0.003,0.014826967512795282,PASS
20,0.5,50,0.1,0.75,0.1,10,0.0006602580560294549,0.022283709390994104,0.0006,0.021683709390994104,PASS
20,0.5,50,0.1,0.75,0.25,10,0.0006602580560294549,0.022283709390994104,0.0015,0.020783709390994103,PASS
20,0.5,50,0.1,0.75,0.5,10,0.0006602580560294549,0.022283709390994104,0.003,0.019283709390994105,PASS
20,0.5,50,0.1,0.9,0.1,10,0.0006602580560294549,0.026740451269192923,0.0006,0.026140451269192923,PASS
20,0.5,50,0.1,0.9,0.25,10,0.0006602580560294549,0.026740451269192923,0.0015,0.025240451269192922,PASS
20,0.5,50,0.1,0.9,0.5,10,0.0006602580560294549,0.026740451269192923,0.003,0.023740451269192924,PASS
20,0.5,50,0.2,0.6,0.1,10,0.0006602580560294549,0.015846193344706917,0.0006,0.015246193344706917,PASS
20,0.5,50,0.2,0.6,0.25,10,0.0006602580560294549,0.015846193344706917,0.0015,0.014346193344706918,PASS
20,0.5,50,0.2,0.6,0.5,10,0.0006602580560294549,0.015846193344706917,0.003,0.012846193344706918,PASS
20,0.5,50,0.2,0.75,0.1,10,0.0006602580560294549,0.01980774168088365,0.0006,0.01920774168088365,PASS
20,0.5,50,0.2,0.75,0.25,10,0.0006602580560294549,0.01980774168088365,0.0015,0.018307741680883647,PASS
20,0.5,50,0.2,0.75,0.5,10,0.0006602580560294549,0.01980774168088365,0.003,0.01680774168088365,PASS
20,0.5,50,0.2,0.9,0.1,10,0.0006602580560294549,0.02376929001706038,0.0006,0.02316929001706038,PASS
20,0.5,50,0.2,0.9,0.25,10,0.0006602580560294549,0.02376929001706038,0.0015,0.022269290017060378,PASS
20,0.5,50,0.2,0.9,0.5,10,0.0006602580560294549,0.02376929001706038,0.003,0.02076929001706038,PASS
20,0.5,50,0.3,0.6,0.1,10,0.0006602580560294549,0.013865419176618552,0.0006,0.013265419176618552,PASS
20,0.5,50,0.3,0.6,0.25,10,0.0006602580560294549,0.013865419176618552,0.0015,0.012365419176618552,PASS
20,0.5,50,0.3,0.6,0.5,10,0.0006602580560294549,0.013865419176618552,0.003,0.01086541917661855,PASS
20,0.5,50,0.3,0.75,0.1,10,0.0006602580560294549,0.01733177397077319,0.0006,0.01673177397077319,PASS
20,0.5,50,0.3,0.75,0.25,10,0.0006602580560294549,0.01733177397077319,0.0015,0.015831773970773188,PASS
20,0.5,50,0.3,0.75,0.5,10,0.0006602580560294549,0.01733177397077319,0.003,0.01433177397077319,PASS
20,0.5,50,0.3,0.9,0.1,10,0.0006602580560294549,0.02079812876492783,0.0006,0.02019812876492783,PASS
20,0.5,50,0.3,0.9,0.25,10,0.0006602580560294549,0.02079812876492783,0.0015,0.019298128764927827,PASS
20,0.5,50,0.3,0.9,0.5,10,0.0006602580560294549,0.02079812876492783,0.003,0.01779812876492783,PASS
20,0.5,50,0.4,0.6,0.1,10,0.0006602580560294549,0.011884645008530188,0.0006,0.011284645008530188,PASS
20,0.5,50,0.4,0.6,0.25,10,0.0006602580560294549,0.011884645008530188,0.0015,0.010384645008530188,PASS
20,0.5,50,0.4,0.6,0.5,10,0.0006602580560294549,0.011884645008530188,0.003,0.008884645008530187,PASS
20,0.5,50,0.4,0.75,0.1,10,0.0006602580560294549,0.014855806260662737,0.0006,0.014255806260662737,PASS
20,0.5,50,0.4,0.75,0.25,10,0.0006602580560294549,0.014855806260662737,0.0015,0.013355806260662738,PASS
20,0.5,50,0.4,0.75,0.5,10,0.0006602580560294549,0.014855806260662737,0.003,0.011855806260662738,PASS
20,0.5,50,0.4,0.9,0.1,10,0.0006602580560294549,0.017826967512795285,0.0006,0.017226967512795285,PASS
20,0.5,50,0.4,0.9,0.25,10,0.0006602580560294549,0.017826967512795285,0.0015,0.016326967512795283,PASS
20,0.5,50,0.4,0.9,0.5,10,0.0006602580560294549,0.017826967512795285,0.003,0.014826967512795285,PASS
20,0.5,100,0.1,0.6,0.1,10,0.0006602580560294549,0.03565393502559056,0.0006,0.03505393502559056,PASS
20,0.5,100,0.1,0.6,0.25,10,0.0006602580560294549,0.03565393502559056,0.0015,0.03415393502559056,PASS
20,0.5,100,0.1,0.6,0.5,10,0.0006602580560294549,0.03565393502559056,0.003,0.03265393502559056,PASS
20,0.5,100,0.1,0.75,0.1,10,0.0006602580560294549,0.04456741878198821,0.0006,0.043967418781988205,PASS
20,0.5,100,0.1,0.75,0.25,10,0.0006602580560294549,0.04456741878198821,0.0015,0.043067418781988206,PASS
20,0.5,100,0.1,0.75,0.5,10,0.0006602580560294549,0.04456741878198821,0.003,0.041567418781988205,PASS
20,0.5,100,0.1,0.9,0.1,10,0.0006602580560294549,0.05348090253838585,0.0006,0.05288090253838584,PASS
20,0.5,100,0.1,0.9,0.25,10,0.0006602580560294549,0.05348090253838585,0.0015,0.051980902538385845,PASS
20,0.5,100,0.1,0.9,0.5,10,0.0006602580560294549,0.05348090253838585,0.003,0.050480902538385844,PASS
20,0.5,100,0.2,0.6,0.1,10,0.0006602580560294549,0.031692386689413835,0.0006,0.031092386689413835,PASS
20,0.5,100,0.2,0.6,0.25,10,0.0006602580560294549,0.031692386689413835,0.0015,0.030192386689413833,PASS
20,0.5,100,0.2,0.6,0.5,10,0.0006602580560294549,0.031692386689413835,0.003,0.028692386689413835,PASS
20,0.5,100,0.2,0.75,0.1,10,0.0006602580560294549,0.0396154833617673,0.0006,0.03901548336176729,PASS
20,0.5,100,0.2,0.75,0.25,10,0.0006602580560294549,0.0396154833617673,0.0015,0.038115483361767295,PASS
20,0.5,100,0.2,0.75,0.5,10,0.0006602580560294549,0.0396154833617673,0.003,0.036615483361767294,PASS
20,0.5,100,0.2,0.9,0.1,10,0.0006602580560294549,0.04753858003412076,0.0006,0.046938580034120755,PASS
20,0.5,100,0.2,0.9,0.25,10,0.0006602580560294549,0.04753858003412076,0.0015,0.04603858003412076,PASS
20,0.5,100,0.2,0.9,0.5,10,0.0006602580560294549,0.04753858003412076,0.003,0.044538580034120756,PASS
20,0.5,100,0.3,0.6,0.1,10,0.0006602580560294549,0.027730838353237103,0.0006,0.027130838353237104,PASS
20,0.5,100,0.3,0.6,0.25,10,0.0006602580560294549,0.027730838353237103,0.0015,0.026230838353237102,PASS
20,0.5,100,0.3,0.6,0.5,10,0.0006602580560294549,0.027730838353237103,0.003,0.024730838353237104,PASS
20,0.5,100,0.3,0.75,0.1,10,0.0006602580560294549,0.03466354794154638,0.0006,0.034063547941546375,PASS
20,0.5,100,0.3,0.75,0.25,10,0.0006602580560294549,0.03466354794154638,0.0015,0.03316354794154638,PASS
20,0.5,100,0.3,0.75,0.5,10,0.0006602580560294549,0.03466354794154638,0.003,0.031663547941546376,PASS
20,0.5,100,0.3,0.9,0.1,10,0.0006602580560294549,0.04159625752985566,0.0006,0.040996257529855654,PASS
20,0.5,100,0.3,0.9,0.25,10,0.0006602580560294549,0.04159625752985566,0.0015,0.040096257529855656,PASS
20,0.5,100,0.3,0.9,0.5,10,0.0006602580560294549,0.04159625752985566,0.003,0.038596257529855654,PASS
20,0.5,100,0.4,0.6,0.1,10,0.0006602580560294549,0.023769290017060376,0.0006,0.023169290017060376,PASS
20,0.5,100,0.4,0.6,0.25,10,0.0006602580560294549,0.023769290017060376,0.0015,0.022269290017060375,PASS
20,0.5,100,0.4,0.6,0.5,10,0.0006602580560294549,0.023769290017060376,0.003,0.020769290017060377,PASS
20,0.5,100,0.4,0.75,0.1,10,0.0006602580560294549,0.029711612521325474,0.0006,0.029111612521325474,PASS
20,0.5,100,0.4,0.75,0.25,10,0.0006602580560294549,0.029711612521325474,0.0015,0.028211612521325473,PASS
20,0.5,100,0.4,0.75,0.5,10,0.0006602580560294549,0.029711612521325474,0.003,0.026711612521325475,PASS
20,0.5,100,0.4,0.9,0.1,10,0.0006602580560294549,0.03565393502559057,0.0006,0.035053935025590566,PASS
20,0.5,100,0.4,0.9,0.25,10,0.0006602580560294549,0.03565393502559057,0.0015,0.03415393502559057,PASS
20,0.5,100,0.4,0.9,0.5,10,0.0006602580560294549,0.03565393502559057,0.003,0.032653935025590566,PASS
20,0.5,200,0.1,0.6,0.1,10,0.0006602580560294549,0.07130787005118112,0.0006,0.07070787005118112,PASS
20,0.5,200,0.1,0.6,0.25,10,0.0006602580560294549,0.07130787005118112,0.0015,0.06980787005118112,PASS
20,0.5,200,0.1,0.6,0.5,10,0.0006602580560294549,0.07130787005118112,0.003,0.06830787005118112,PASS
20,0.5,200,0.1,0.75,0.1,10,0.0006602580560294549,0.08913483756397642,0.0006,0.08853483756397641,PASS
20,0.5,200,0.1,0.75,0.25,10,0.0006602580560294549,0.08913483756397642,0.0015,0.08763483756397641,PASS
20,0.5,200,0.1,0.75,0.5,10,0.0006602580560294549,0.08913483756397642,0.003,0.08613483756397641,PASS
20,0.5,200,0.1,0.9,0.1,10,0.0006602580560294549,0.1069618050767717,0.0006,0.10636180507677169,PASS
20,0.5,200,0.1,0.9,0.25,10,0.0006602580560294549,0.1069618050767717,0.0015,0.10546180507677169,PASS
20,0.5,200,0.1,0.9,0.5,10,0.0006602580560294549,0.1069618050767717,0.003,0.10396180507677169,PASS
20,0.5,200,0.2,0.6,0.1,10,0.0006602580560294549,0.06338477337882767,0.0006,0.06278477337882767,PASS
20,0.5,200,0.2,0.6,0.25,10,0.0006602580560294549,0.06338477337882767,0.0015,0.06188477337882767,PASS
20,0.5,200,0.2,0.6,0.5,10,0.0006602580560294549,0.06338477337882767,0.003,0.060384773378827666,PASS
20,0.5,200,0.2,0.75,0.1,10,0.0006602580560294549,0.0792309667235346,0.0006,0.07863096672353459,PASS
20,0.5,200,0.2,0.75,0.25,10,0.0006602580560294549,0.0792309667235346,0.0015,0.07773096672353459,PASS
20,0.5,200,0.2,0.75,0.5,10,0.0006602580560294549,0.0792309667235346,0.003,0.07623096672353459,PASS
20,0.5,200,0.2,0.9,0.1,10,0.0006602580560294549,0.09507716006824152,0.0006,0.09447716006824151,PASS
20,0.5,200,0.2,0.9,0.25,10,0.0006602580560294549,0.09507716006824152,0.0015,0.09357716006824152,PASS
20,0.5,200,0.2,0.9,0.5,10,0.0006602580560294549,0.09507716006824152,0.003,0.09207716006824151,PASS
20,0.5,200,0.3,0.6,0.1,10,0.0006602580560294549,0.05546167670647421,0.0006,0.054861676706474204,PASS
20,0.5,200,0.3,0.6,0.25,10,0.0006602580560294549,0.05546167670647421,0.0015,0.053961676706474206,PASS
20,0.5,200,0.3,0.6,0.5,10,0.0006602580560294549,0.05546167670647421,0.003,0.052461676706474204,PASS
20,0.5,200,0.3,0.75,0.1,10,0.0006602580560294549,0.06932709588309276,0.0006,0.06872709588309275,PASS
20,0.5,200,0.3,0.75,0.25,10,0.0006602580560294549,0.06932709588309276,0.0015,0.06782709588309276,PASS
20,0.5,200,0.3,0.75,0.5,10,0.0006602580560294549,0.06932709588309276,0.003,0.06632709588309275,PASS
20,0.5,200,0.3,0.9,0.1,10,0.0006602580560294549,0.08319251505971131,0.0006,0.08259251505971131,PASS
20,0.5,200,0.3,0.9,0.25,10,0.0006602580560294549,0.08319251505971131,0.0015,0.08169251505971131,PASS
20,0.5,200,0.3,0.9,0.5,10,0.0006602580560294549,0.08319251505971131,0.003,0.08019251505971131,PASS
20,0.5,200,0.4,0.6,0.1,10,0.0006602580560294549,0.04753858003412075,0.0006,0.04693858003412075,PASS
20,0.5,200,0.4,0.6,0.25,10,0.0006602580560294549,0.04753858003412075,0.0015,0.04603858003412075,PASS
20,0.5,200,0.4,0.6,0.5,10,0.0006602580560294549,0.04753858003412075,0.003,0.04453858003412075,PASS
20,0.5,200,0.4,0.75,0.1,10,0.0006602580560294549,0.05942322504265095,0.0006,0.058823225042650945,PASS
20,0.5,200,0.4,0.75,0.25,10,0.0006602580560294549,0.05942322504265095,0.0015,0.05792322504265095,PASS
20,0.5,200,0.4,0.75,0.5,10,0.0006602580560294549,0.05942322504265095,0.003,0.056423225042650946,PASS
20,0.5,200,0.4,0.9,0.1,10,0.0006602580560294549,0.07130787005118114,0.0006,0.07070787005118113,PASS
20,0.5,200,0.4,0.9,0.25,10,0.0006602580560294549,0.07130787005118114,0.0015,0.06980787005118114,PASS
20,0.5,200,0.4,0.9,0.5,10,0.0006602580560294549,0.07130787005118114,0.003,0.06830787005118114,PASS
20,1.0,25,0.1,0.6,0.1,10,0.0013864895577842939,0.018717609030087966,0.0006,0.018117609030087967,PASS
20,1.0,25,0.1,0.6,0.25,10,0.0013864895577842939,0.018717609030087966,0.0015,0.017217609030087965,PASS
20,1.0,25,0.1,0.6,0.5,10,0.0013864895577842939,0.018717609030087966,0.003,0.015717609030087967,PASS
20,1.0,25,0.1,0.75,0.1,10,0.0013864895577842939,0.02339701128760996,0.0006,0.02279701128760996,PASS
20,1.0,25,0.1,0.75,0.25,10,0.0013864895577842939,0.02339701128760996,0.0015,0.021897011287609958,PASS
20,1.0,25,0.1,0.75,0.5,10,0.0013864895577842939,0.02339701128760996,0.003,0.02039701128760996,PASS
20,1.0,25,0.1,0.9,0.1,10,0.0013864895577842939,0.02807641354513195,0.0006,0.02747641354513195,PASS
20,1.0,25,0.1,0.9,0.25,10,0.0013864895577842939,0.02807641354513195,0.0015,0.02657641354513195,PASS
20,1.0,25,0.1,0.9,0.5,10,0.0013864895577842939,0.02807641354513195,0.003,0.025076413545131952,PASS
20,1.0,25,0.2,0.6,0.1,10,0.0013864895577842939,0.016637874693411527,0.0006,0.016037874693411527,PASS
20,1.0,25,0.2,0.6,0.25,10,0.0013864895577842939,0.016637874693411527,0.0015,0.015137874693411527,PASS
20,1.0,25,0.2,0.6,0.5,10,0.0013864895577842939,0.016637874693411527,0.003,0.013637874693411527,PASS
20,1.0,25,0.2,0.75,0.1,10,0.0013864895577842939,0.02079734336676441,0.0006,0.02019734336676441,PASS
20,1.0,25,0.2,0.75,0.25,10,0.0013864895577842939,0.02079734336676441,0.0015,0.01929734336676441,PASS
20,1.0,25,0.2,0.75,0.5,10,0.0013864895577842939,0.02079734336676441,0.003,0.01779734336676441,PASS
20,1.0,25,0.2,0.9,0.1,10,0.0013864895577842939,0.024956812040117293,0.0006,0.024356812040117293,PASS
20,1.0,25,0.2,0.9,0.25,10,0.0013864895577842939,0.024956812040117293,0.0015,0.023456812040117292,PASS
20,1.0,25,0.2,0.9,0.5,10,0.0013864895577842939,0.024956812040117293,0.003,0.021956812040117294,PASS
20,1.0,25,0.3,0.6,0.1,10,0.0013864895577842939,0.014558140356735085,0.0006,0.013958140356735085,PASS
20,1.0,25,0.3,0.6,0.25,10,0.0013864895577842939,0.014558140356735085,0.0015,0.013058140356735085,PASS
20,1.0,25,0.3,0.6,0.5,10,0.0013864895577842939,0.014558140356735085,0.003,0.011558140356735084,PASS
20,1.0,25,0.3,0.75,0.1,10,0.0013864895577842939,0.018197675445918857,0.0006,0.017597675445918858,PASS
20,1.0,25,0.3,0.75,0.25,10,0.0013864895577842939,0.018197675445918857,0.0015,0.016697675445918856,PASS
20,1.0,25,0.3,0.75,0.5,10,0.0013864895577842939,0.018197675445918857,0.003,0.015197675445918858,PASS
20,1.0,25,0.3,0.9,0.1,10,0.0013864895577842939,0.021837210535102628,0.0006,0.02123721053510263,PASS
20,1.0,25,0.3,0.9,0.25,10,0.0013864895577842939,0.021837210535102628,0.0015,0.020337210535102627,PASS
20,1.0,25,0.3,0.9,0.5,10,0.0013864895577842939,0.021837210535102628,0.003,0.01883721053510263,PASS
20,1.0,25,0.4,0.6,0.1,10,0.0013864895577842939,0.012478406020058645,0.0006,0.011878406020058645,PASS
20,1.0,25,0.4,0.6,0.25,10,0.0013864895577842939,0.012478406020058645,0.0015,0.010978406020058645,PASS
20,1.0,25,0.4,0.6,0.5,10,0.0013864895577842939,0.012478406020058645,0.003,0.009478406020058644,PASS
20,1.0,25,0.4,0.75,0.1,10,0.0013864895577842939,0.015598007525073308,0.0006,0.014998007525073308,PASS
20,1.0,25,0.4,0.75,0.25,10,0.0013864895577842939,0.015598007525073308,0.0015,0.014098007525073309,PASS
20,1.0,25,0.4,0.75,0.5,10,0.0013864895577842939,0.015598007525073308,0.003,0.012598007525073309,PASS
20,1.0,25,0.4,0.9,0.1,10,0.0013864895577842939,0.01871760903008797,0.0006,0.01811760903008797,PASS
20,1.0,25,0.4,0.9,0.25,10,0.0013864895577842939,0.01871760903008797,0.0015,0.01721760903008797,PASS
20,1.0,25,0.4,0.9,0.5,10,0.0013864895577842939,0.01871760903008797,0.003,0.01571760903008797,PASS
20,1.0,50,0.1,0.6,0.1,10,0.0013864895577842939,0.03743521806017593,0.0006,0.03683521806017593,PASS
20,1.0,50,0.1,0.6,0.25,10,0.0013864895577842939,0.03743521806017593,0.0015,0.03593521806017593,PASS
20,1.0,50,0.1,0.6,0.5,10,0.0013864895577842939,0.03743521806017593,0.003,0.03443521806017593,PASS
20,1.0,50,0.1,0.75,0.1,10,0.0013864895577842939,0.04679402257521992,0.0006,0.046194022575219915,PASS
20,1.0,50,0.1,0.75,0.25,10,0.0013864895577842939,0.04679402257521992,0.0015,0.04529402257521992,PASS
20,1.0,50,0.1,0.75,0.5,10,0.0013864895577842939,0.04679402257521992,0.003,0.043794022575219915,PASS
20,1.0,50,0.1,0.9,0.1,10,0.0013864895577842939,0.0561528270902639,0.0006,0.0555528270902639,PASS
20,1.0,50,0.1,0.9,0.25,10,0.0013864895577842939,0.0561528270902639,0.0015,0.0546528270902639,PASS
20,1.0,50,0.1,0.9,0.5,10,0.0013864895577842939,0.0561528270902639,0.003,0.0531528270902639,PASS
20,1.0,50,0.2,0.6,0.1,10,0.0013864895577842939,0.03327574938682305,0.0006,0.03267574938682305,PASS
20,1.0,50,0.2,0.6,0.25,10,0.0013864895577842939,0.03327574938682305,0.0015,0.03177574938682305,PASS
20,1.0,50,0.2,0.6,0.5,10,0.0013864895577842939,0.03327574938682305,0.003,0.030275749386823054,PASS
20,1.0,50,0.2,0.75,0.1,10,0.0013864895577842939,0.04159468673352882,0.0006,0.040994686733528816,PASS
20,1.0,50,0.2,0.75,0.25,10,0.0013864895577842939,0.04159468673352882,0.0015,0.04009468673352882,PASS
20,1.0,50,0.2,0.75,0.5,10,0.0013864895577842939,0.04159468673352882,0.003,0.03859468673352882,PASS
20,1.0,50,0.2,0.9,0.1,10,0.0013864895577842939,0.049913624080234587,0.0006,0.04931362408023458,PASS
20,1.0,50,0.2,0.9,0.25,10,0.0013864895577842939,0.049913624080234587,0.0015,0.048413624080234585,PASS
20,1.0,50,0.2,0.9,0.5,10,0.0013864895577842939,0.049913624080234587,0.003,0.046913624080234584,PASS
20,1.0,50,0.3,0.6,0.1,10,0.0013864895577842939,0.02911628071347017,0.0006,0.02851628071347017,PASS
20,1.0,50,0.3,0.6,0.25,10,0.0013864895577842939,0.02911628071347017,0.0015,0.02761628071347017,PASS
20,1.0,50,0.3,0.6,0.5,10,0.0013864895577842939,0.02911628071347017,0.003,0.02611628071347017,PASS
20,1.0,50,0.3,0.75,0.1,10,0.0013864895577842939,0.036395350891837715,0.0006,0.03579535089183771,PASS
20,1.0,50,0.3,0.75,0.25,10,0.0013864895577842939,0.036395350891837715,0.0015,0.03489535089183771,PASS
20,1.0,50,0.3,0.75,0.5,10,0.0013864895577842939,0.036395350891837715,0.003,0.03339535089183771,PASS
20,1.0,50,0.3,0.9,0.1,10,0.0013864895577842939,0.043674421070205256,0.0006,0.04307442107020525,PASS
20,1.0,50,0.3,0.9,0.25,10,0.0013864895577842939,0.043674421070205256,0.0015,0.042174421070205255,PASS
20,1.0,50,0.3,0.9,0.5,10,0.0013864895577842939,0.043674421070205256,0.003,0.040674421070205254,PASS
20,1.0,50,0.4,0.6,0.1,10,0.0013864895577842939,0.02495681204011729,0.0006,0.02435681204011729,PASS
20,1.0,50,0.4,0.6,0.25,10,0.0013864895577842939,0.02495681204011729,0.0015,0.02345681204011729,PASS
20,1.0,50,0.4,0.6,0.5,10,0.0013864895577842939,0.02495681204011729,0.003,0.02195681204011729,PASS
20,1.0,50,0.4,0.75,0.1,10,0.0013864895577842939,0.031196015050146617,0.0006,0.030596015050146617,PASS
20,1.0,50,0.4,0.75,0.25,10,0.0013864895577842939,0.031196015050146617,0.0015,0.029696015050146615,PASS
20,1.0,50,0.4,0.75,0.5,10,0.0013864895577842939,0.031196015050146617,0.003,0.028196015050146617,PASS
20,1.0,50,0.4,0.9,0.1,10,0.0013864895577842939,0.03743521806017594,0.0006,0.03683521806017594,PASS
20,1.0,50,0.4,0.9,0.25,10,0.0013864895577842939,0.03743521806017594,0.0015,0.03593521806017594,PASS
20,1.0,50,0.4,0.9,0.5,10,0.0013864895577842939,0.03743521806017594,0.003,0.03443521806017594,PASS
20,1.0,100,0.1,0.6,0.1,10,0.0013864895577842939,0.07487043612035187,0.0006,0.07427043612035186,PASS
20,1.0,100,0.1,0.6,0.25,10,0.0013864895577842939,0.07487043612035187,0.0015,0.07337043612035186,PASS
20,1.0,100,0.1,0.6,0.5,10,0.0013864895577842939,0.07487043612035187,0.003,0.07187043612035186,PASS
20,1.0,100,0.1,0.75,0.1,10,0.0013864895577842939,0.09358804515043984,0.0006,0.09298804515043983,PASS
20,1.0,100,0.1,0.75,0.25,10,0.0013864895577842939,0.09358804515043984,0.0015,0.09208804515043983,PASS
20,1.0,100,0.1,0.75,0.5,10,0.0013864895577842939,0.09358804515043984,0.003,0.09058804515043983,PASS
20,1.0,100,0.1,0.9,0.1,10,0.0013864895577842939,0.1123056541805278,0.0006,0.1117056541805278,PASS
20,1.0,100,0.1,0.9,0.25,10,0.0013864895577842939,0.1123056541805278,0.0015,0.1108056541805278,PASS
20,1.0,100,0.1,0.9,0.5,10,0.0013864895577842939,0.1123056541805278,0.003,0.1093056541805278,PASS
20,1.0,100,0.2,0.6,0.1,10,0.0013864895577842939,0.0665514987736461,0.0006,0.0659514987736461,PASS
20,1.0,100,0.2,0.6,0.25,10,0.0013864895577842939,0.0665514987736461,0.0015,0.0650514987736461,PASS
20,1.0,100,0.2,0.6,0.5,10,0.0013864895577842939,0.0665514987736461,0.003,0.0635514987736461,PASS
20,1.0,100,0.2,0.75,0.1,10,0.0013864895577842939,0.08318937346705764,0.0006,0.08258937346705764,PASS
20,1.0,100,0.2,0.75,0.25,10,0.0013864895577842939,0.08318937346705764,0.0015,0.08168937346705764,PASS
20,1.0,100,0.2,0.75,0.5,10,0.0013864895577842939,0.08318937346705764,0.003,0.08018937346705764,PASS
20,1.0,100,0.2,0.9,0.1,10,0.0013864895577842939,0.09982724816046917,0.0006,0.09922724816046917,PASS
20,1.0,100,0.2,0.9,0.25,10,0.0013864895577842939,0.09982724816046917,0.0015,0.09832724816046917,PASS
20,1.0,100,0.2,0.9,0.5,10,0.0013864895577842939,0.09982724816046917,0.003,0.09682724816046917,PASS
20,1.0,100,0.3,0.6,0.1,10,0.0013864895577842939,0.05823256142694034,0.0006,0.057632561426940336,PASS
20,1.0,100,0.3,0.6,0.25,10,0.0013864895577842939,0.05823256142694034,0.0015,0.05673256142694034,PASS
20,1.0,100,0.3,0.6,0.5,10,0.0013864895577842939,0.05823256142694034,0.003,0.05523256142694034,PASS
20,1.0,100,0.3,0.75,0.1,10,0.0013864895577842939,0.07279070178367543,0.0006,0.07219070178367543,PASS
20,1.0,100,0.3,0.75,0.25,10,0.0013864895577842939,0.07279070178367543,0.0015,0.07129070178367543,PASS
20,1.0,100,0.3,0.75,0.5,10,0.0013864895577842939,0.07279070178367543,0.003,0.06979070178367543,PASS
20,1.0,100,0.3,0.9,0.1,10,0.0013864895577842939,0.08734884214041051,0.0006,0.08674884214041051,PASS
20,1.0,100,0.3,0.9,0.25,10,0.0013864895577842939,0.08734884214041051,0.0015,0.08584884214041051,PASS
20,1.0,100,0.3,0.9,0.5,10,0.0013864895577842939,0.08734884214041051,0.003,0.08434884214041051,PASS
20,1.0,100,0.4,0.6,0.1,10,0.0013864895577842939,0.04991362408023458,0.0006,0.049313624080234576,PASS
20,1.0,100,0.4,0.6,0.25,10,0.0013864895577842939,0.04991362408023458,0.0015,0.04841362408023458,PASS
20,1.0,100,0.4,0.6,0.5,10,0.0013864895577842939,0.04991362408023458,0.003,0.04691362408023458,PASS
20,1.0,100,0.4,0.75,0.1,10,0.0013864895577842939,0.06239203010029323,0.0006,0.06179203010029323,PASS
20,1.0,100,0.4,0.75,0.25,10,0.0013864895577842939,0.06239203010029323,0.0015,0.06089203010029323,PASS
20,1.0,100,0.4,0.75,0.5,10,0.0013864895577842939,0.06239203010029323,0.003,0.05939203010029323,PASS
20,1.0,100,0.4,0.9,0.1,10,0.0013864895577842939,0.07487043612035188,0.0006,0.07427043612035188,PASS
20,1.0,100,0.4,0.9,0.25,10,0.0013864895577842939,0.07487043612035188,0.0015,0.07337043612035188,PASS
20,1.0,100,0.4,0.9,0.5,10,0.0013864895577842939,0.07487043612035188,0.003,0.07187043612035188,PASS
20,1.0,200,0.1,0.6,0.1,10,0.0013864895577842939,0.14974087224070373,0.0006,0.14914087224070374,PASS
20,1.0,200,0.1,0.6,0.25,10,0.0013864895577842939,0.14974087224070373,0.0015,0.14824087224070373,PASS
20,1.0,200,0.1,0.6,0.5,10,0.0013864895577842939,0.14974087224070373,0.003,0.14674087224070373,PASS
20,1.0,200,0.1,0.75,0.1,10,0.0013864895577842939,0.18717609030087967,0.0006,0.18657609030087968,PASS
20,1.0,200,0.1,0.75,0.25,10,0.0013864895577842939,0.18717609030087967,0.0015,0.18567609030087967,PASS
20,1.0,200,0.1,0.75,0.5,10,0.0013864895577842939,0.18717609030087967,0.003,0.18417609030087967,PASS
20,1.0,200,0.1,0.9,0.1,10,0.0013864895577842939,0.2246113083610556,0.0006,0.22401130836105562,PASS
20,1.0,200,0.1,0.9,0.25,10,0.0013864895577842939,0.2246113083610556,0.0015,0.2231113083610556,PASS
20,1.0,200,0.1,0.9,0.5,10,0.0013864895577842939,0.2246113083610556,0.003,0.2216113083610556,PASS
20,1.0,200,0.2,0.6,0.1,10,0.0013864895577842939,0.1331029975472922,0.0006,0.13250299754729222,PASS
20,1.0,200,0.2,0.6,0.25,10,0.0013864895577842939,0.1331029975472922,0.0015,0.1316029975472922,PASS
20,1.0,200,0.2,0.6,0.5,10,0.0013864895577842939,0.1331029975472922,0.003,0.1301029975472922,PASS
20,1.0,200,0.2,0.75,0.1,10,0.0013864895577842939,0.16637874693411528,0.0006,0.1657787469341153,PASS
20,1.0,200,0.2,0.75,0.25,10,0.0013864895577842939,0.16637874693411528,0.0015,0.16487874693411528,PASS
20,1.0,200,0.2,0.75,0.5,10,0.0013864895577842939,0.16637874693411528,0.003,0.16337874693411528,PASS
20,1.0,200,0.2,0.9,0.1,10,0.0013864895577842939,0.19965449632093835,0.0006,0.19905449632093836,PASS
20,1.0,200,0.2,0.9,0.25,10,0.0013864895577842939,0.19965449632093835,0.0015,0.19815449632093834,PASS
20,1.0,200,0.2,0.9,0.5,10,0.0013864895577842939,0.19965449632093835,0.003,0.19665449632093834,PASS
20,1.0,200,0.3,0.6,0.1,10,0.0013864895577842939,0.11646512285388068,0.0006,0.11586512285388068,PASS
20,1.0,200,0.3,0.6,0.25,10,0.0013864895577842939,0.11646512285388068,0.0015,0.11496512285388068,PASS
20,1.0,200,0.3,0.6,0.5,10,0.0013864895577842939,0.11646512285388068,0.003,0.11346512285388068,PASS
20,1.0,200,0.3,0.75,0.1,10,0.0013864895577842939,0.14558140356735086,0.0006,0.14498140356735087,PASS
20,1.0,200,0.3,0.75,0.25,10,0.0013864895577842939,0.14558140356735086,0.0015,0.14408140356735086,PASS
20,1.0,200,0.3,0.75,0.5,10,0.0013864895577842939,0.14558140356735086,0.003,0.14258140356735086,PASS
20,1.0,200,0.3,0.9,0.1,10,0.0013864895577842939,0.17469768428082103,0.0006,0.17409768428082104,PASS
20,1.0,200,0.3,0.9,0.25,10,0.0013864895577842939,0.17469768428082103,0.0015,0.17319768428082102,PASS
20,1.0,200,0.3,0.9,0.5,10,0.0013864895577842939,0.17469768428082103,0.003,0.17169768428082102,PASS
20,1.0,200,0.4,0.6,0.1,10,0.0013864895577842939,0.09982724816046916,0.0006,0.09922724816046916,PASS
20,1.0,200,0.4,0.6,0.25,10,0.0013864895577842939,0.09982724816046916,0.0015,0.09832724816046916,PASS
20,1.0,200,0.4,0.6,0.5,10,0.0013864895577842939,0.09982724816046916,0.003,0.09682724816046916,PASS
20,1.0,200,0.4,0.75,0.1,10,0.0013864895577842939,0.12478406020058647,0.0006,0.12418406020058646,PASS
20,1.0,200,0.4,0.75,0.25,10,0.0013864895577842939,0.12478406020058647,0.0015,0.12328406020058646,PASS
20,1.0,200,0.4,0.75,0.5,10,0.0013864895577842939,0.12478406020058647,0.003,0.12178406020058646,PASS
20,1.0,200,0.4,0.9,0.1,10,0.0013864895577842939,0.14974087224070376,0.0006,0.14914087224070377,PASS
20,1.0,200,0.4,0.9,0.25,10,0.0013864895577842939,0.14974087224070376,0.0015,0.14824087224070376,PASS
20,1.0,200,0.4,0.9,0.5,10,0.0013864895577842939,0.14974087224070376,0.003,0.14674087224070376,PASS
20,2.0,25,0.1,0.6,0.1,10,0.003049439269084492,0.04116743013264064,0.0006,0.040567430132640636,PASS
20,2.0,25,0.1,0.6,0.25,10,0.003049439269084492,0.04116743013264064,0.0015,0.03966743013264064,PASS
20,2.0,25,0.1,0.6,0.5,10,0.003049439269084492,0.04116743013264064,0.003,0.03816743013264064,PASS
20,2.0,25,0.1,0.75,0.1,10,0.003049439269084492,0.051459287665800796,0.0006,0.05085928766580079,PASS
20,2.0,25,0.1,0.75,0.25,10,0.003049439269084492,0.051459287665800796,0.0015,0.049959287665800794,PASS
20,2.0,25,0.1,0.75,0.5,10,0.003049439269084492,0.051459287665800796,0.003,0.04845928766580079,PASS
20,2.0,25,0.1,0.9,0.1,10,0.003049439269084492,0.06175114519896096,0.0006,0.061151145198960956,PASS
20,2.0,25,0.1,0.9,0.25,10,0.003049439269084492,0.06175114519896096,0.0015,0.06025114519896096,PASS
20,2.0,25,0.1,0.9,0.5,10,0.003049439269084492,0.06175114519896096,0.003,0.058751145198960956,PASS
20,2.0,25,0.2,0.6,0.1,10,0.003049439269084492,0.0365932712290139,0.0006,0.0359932712290139,PASS
20,2.0,25,0.2,0.6,0.25,10,0.003049439269084492,0.0365932712290139,0.0015,0.0350932712290139,PASS
20,2.0,25,0.2,0.6,0.5,10,0.003049439269084492,0.0365932712290139,0.003,0.0335932712290139,PASS
20,2.0,25,0.2,0.75,0.1,10,0.003049439269084492,0.04574158903626738,0.0006,0.045141589036267374,PASS
20,2.0,25,0.2,0.75,0.25,10,0.003049439269084492,0.04574158903626738,0.0015,0.044241589036267376,PASS
20,2.0,25,0.2,0.75,0.5,10,0.003049439269084492,0.04574158903626738,0.003,0.042741589036267374,PASS
20,2.0,25,0.2,0.9,0.1,10,0.003049439269084492,0.05488990684352085,0.0006,0.05428990684352085,PASS
20,2.0,25,0.2,0.9,0.25,10,0.003049439269084492,0.05488990684352085,0.0015,0.05338990684352085,PASS
20,2.0,25,0.2,0.9,0.5,10,0.003049439269084492,0.05488990684352085,0.003,0.05188990684352085,PASS
20,2.0,25,0.3,0.6,0.1,10,0.003049439269084492,0.032019112325387164,0.0006,0.03141911232538716,PASS
20,2.0,25,0.3,0.6,0.25,10,0.003049439269084492,0.032019112325387164,0.0015,0.030519112325387163,PASS
20,2.0,25,0.3,0.6,0.5,10,0.003049439269084492,0.032019112325387164,0.003,0.029019112325387165,PASS
20,2.0,25,0.3,0.75,0.1,10,0.003049439269084492,0.04002389040673396,0.0006,0.039423890406733955,PASS
20,2.0,25,0.3,0.75,0.25,10,0.003049439269084492,0.04002389040673396,0.0015,0.03852389040673396,PASS
20,2.0,25,0.3,0.75,0.5,10,0.003049439269084492,0.04002389040673396,0.003,0.037023890406733956,PASS
20,2.0,25,0.3,0.9,0.1,10,0.003049439269084492,0.048028668488080746,0.0006,0.04742866848808074,PASS
20,2.0,25,0.3,0.9,0.25,10,0.003049439269084492,0.048028668488080746,0.0015,0.046528668488080745,PASS
20,2.0,25,0.3,0.9,0.5,10,0.003049439269084492,0.048028668488080746,0.003,0.04502866848808074,PASS
20,2.0,25,0.4,0.6,0.1,10,0.003049439269084492,0.027444953421760426,0.0006,0.026844953421760426,PASS
20,2.0,25,0.4,0.6,0.25,10,0.003049439269084492,0.027444953421760426,0.0015,0.025944953421760425,PASS
20,2.0,25,0.4,0.6,0.5,10,0.003049439269084492,0.027444953421760426,0.003,0.024444953421760427,PASS
20,2.0,25,0.4,0.75,0.1,10,0.003049439269084492,0.03430619177720053,0.0006,0.03370619177720053,PASS
20,2.0,25,0.4,0.75,0.25,10,0.003049439269084492,0.03430619177720053,0.0015,0.03280619177720053,PASS
20,2.0,25,0.4,0.75,0.5,10,0.003049439269084492,0.03430619177720053,0.003,0.03130619177720053,PASS
20,2.0,25,0.4,0.9,0.1,10,0.003049439269084492,0.04116743013264064,0.0006,0.040567430132640636,PASS
20,2.0,25,0.4,0.9,0.25,10,0.003049439269084492,0.04116743013264064,0.0015,0.03966743013264064,PASS
20,2.0,25,0.4,0.9,0.5,10,0.003049439269084492,0.04116743013264064,0.003,0.03816743013264064,PASS
20,2.0,50,0.1,0.6,0.1,10,0.003049439269084492,0.08233486026528128,0.0006,0.08173486026528128,PASS
20,2.0,50,0.1,0.6,0.25,10,0.003049439269084492,0.08233486026528128,0.0015,0.08083486026528128,PASS
20,2.0,50,0.1,0.6,0.5,10,0.003049439269084492,0.08233486026528128,0.003,0.07933486026528128,PASS
20,2.0,50,0.1,0.75,0.1,10,0.003049439269084492,0.10291857533160159,0.0006,0.10231857533160159,PASS
20,2.0,50,0.1,0.75,0.25,10,0.003049439269084492,0.10291857533160159,0.0015,0.10141857533160159,PASS
20,2.0,50,0.1,0.75,0.5,10,0.003049439269084492,0.10291857533160159,0.003,0.09991857533160159,PASS
20,2.0,50,0.1,0.9,0.1,10,0.003049439269084492,0.12350229039792192,0.0006,0.12290229039792192,PASS
20,2.0,50,0.1,0.9,0.25,10,0.003049439269084492,0.12350229039792192,0.0015,0.12200229039792192,PASS
20,2.0,50,0.1,0.9,0.5,10,0.003049439269084492,0.12350229039792192,0.003,0.12050229039792192,PASS
20,2.0,50,0.2,0.6,0.1,10,0.003049439269084492,0.0731865424580278,0.0006,0.0725865424580278,PASS
20,2.0,50,0.2,0.6,0.25,10,0.003049439269084492,0.0731865424580278,0.0015,0.0716865424580278,PASS
20,2.0,50,0.2,0.6,0.5,10,0.003049439269084492,0.0731865424580278,0.003,0.0701865424580278,PASS
20,2.0,50,0.2,0.75,0.1,10,0.003049439269084492,0.09148317807253475,0.0006,0.09088317807253475,PASS
20,2.0,50,0.2,0.75,0.25,10,0.003049439269084492,0.09148317807253475,0.0015,0.08998317807253475,PASS
20,2.0,50,0.2,0.75,0.5,10,0.003049439269084492,0.09148317807253475,0.003,0.08848317807253475,PASS
20,2.0,50,0.2,0.9,0.1,10,0.003049439269084492,0.1097798136870417,0.0006,0.1091798136870417,PASS
20,2.0,50,0.2,0.9,0.25,10,0.003049439269084492,0.1097798136870417,0.0015,0.1082798136870417,PASS
20,2.0,50,0.2,0.9,0.5,10,0.003049439269084492,0.1097798136870417,0.003,0.1067798136870417,PASS
20,2.0,50,0.3,0.6,0.1,10,0.003049439269084492,0.06403822465077433,0.0006,0.06343822465077432,PASS
20,2.0,50,0.3,0.6,0.25,10,0.003049439269084492,0.06403822465077433,0.0015,0.06253822465077433,PASS
20,2.0,50,0.3,0.6,0.5,10,0.003049439269084492,0.06403822465077433,0.003,0.061038224650774325,PASS
20,2.0,50,0.3,0.75,0.1,10,0.003049439269084492,0.08004778081346792,0.0006,0.07944778081346791,PASS
20,2.0,50,0.3,0.75,0.25,10,0.003049439269084492,0.08004778081346792,0.0015,0.07854778081346792,PASS
20,2.0,50,0.3,0.75,0.5,10,0.003049439269084492,0.08004778081346792,0.003,0.07704778081346791,PASS
20,2.0,50,0.3,0.9,0.1,10,0.003049439269084492,0.09605733697616149,0.0006,0.09545733697616149,PASS
20,2.0,50,0.3,0.9,0.25,10,0.003049439269084492,0.09605733697616149,0.0015,0.09455733697616149,PASS
20,2.0,50,0.3,0.9,0.5,10,0.003049439269084492,0.09605733697616149,0.003,0.09305733697616149,PASS
20,2.0,50,0.4,0.6,0.1,10,0.003049439269084492,0.05488990684352085,0.0006,0.05428990684352085,PASS
20,2.0,50,0.4,0.6,0.25,10,0.003049439269084492,0.05488990684352085,0.0015,0.05338990684352085,PASS
20,2.0,50,0.4,0.6,0.5,10,0.003049439269084492,0.05488990684352085,0.003,0.05188990684352085,PASS
20,2.0,50,0.4,0.75,0.1,10,0.003049439269084492,0.06861238355440107,0.0006,0.06801238355440106,PASS
20,2.0,50,0.4,0.75,0.25,10,0.003049439269084492,0.06861238355440107,0.0015,0.06711238355440106,PASS
20,2.0,50,0.4,0.75,0.5,10,0.003049439269084492,0.06861238355440107,0.003,0.06561238355440106,PASS
20,2.0,50,0.4,0.9,0.1,10,0.003049439269084492,0.08233486026528128,0.0006,0.08173486026528128,PASS
20,2.0,50,0.4,0.9,0.25,10,0.003049439269084492,0.08233486026528128,0.0015,0.08083486026528128,PASS
20,2.0,50,0.4,0.9,0.5,10,0.003049439269084492,0.08233486026528128,0.003,0.07933486026528128,PASS
20,2.0,100,0.1,0.6,0.1,10,0.003049439269084492,0.16466972053056256,0.0006,0.16406972053056257,PASS
20,2.0,100,0.1,0.6,0.25,10,0.003049439269084492,0.16466972053056256,0.0015,0.16316972053056256,PASS
20,2.0,100,0.1,0.6,0.5,10,0.003049439269084492,0.16466972053056256,0.003,0.16166972053056256,PASS
20,2.0,100,0.1,0.75,0.1,10,0.003049439269084492,0.20583715066320318,0.0006,0.2052371506632032,PASS
20,2.0,100,0.1,0.75,0.25,10,0.003049439269084492,0.20583715066320318,0.0015,0.20433715066320318,PASS
20,2.0,100,0.1,0.75,0.5,10,0.003049439269084492,0.20583715066320318,0.003,0.20283715066320318,PASS
20,2.0,100,0.1,0.9,0.1,10,0.003049439269084492,0.24700458079584384,0.0006,0.24640458079584385,PASS
20,2.0,100,0.1,0.9,0.25,10,0.003049439269084492,0.24700458079584384,0.0015,0.24550458079584384,PASS
20,2.0,100,0.1,0.9,0.5,10,0.003049439269084492,0.24700458079584384,0.003,0.24400458079584383,PASS
20,2.0,100,0.2,0.6,0.1,10,0.003049439269084492,0.1463730849160556,0.0006,0.14577308491605562,PASS
20,2.0,100,0.2,0.6,0.25,10,0.003049439269084492,0.1463730849160556,0.0015,0.1448730849160556,PASS
20,2.0,100,0.2,0.6,0.5,10,0.003049439269084492,0.1463730849160556,0.003,0.1433730849160556,PASS
20,2.0,100,0.2,0.75,0.1,10,0.003049439269084492,0.1829663561450695,0.0006,0.18236635614506952,PASS
20,2.0,100,0.2,0.75,0.25,10,0.003049439269084492,0.1829663561450695,0.0015,0.1814663561450695,PASS
20,2.0,100,0.2,0.75,0.5,10,0.003049439269084492,0.1829663561450695,0.003,0.1799663561450695,PASS
20,2.0,100,0.2,0.9,0.1,10,0.003049439269084492,0.2195596273740834,0.0006,0.21895962737408342,PASS
20,2.0,100,0.2,0.9,0.25,10,0.003049439269084492,0.2195596273740834,0.0015,0.2180596273740834,PASS
20,2.0,100,0.2,0.9,0.5,10,0.003049439269084492,0.2195596273740834,0.003,0.2165596273740834,PASS
20,2.0,100,0.3,0.6,0.1,10,0.003049439269084492,0.12807644930154866,0.0006,0.12747644930154867,PASS
20,2.0,100,0.3,0.6,0.25,10,0.003049439269084492,0.12807644930154866,0.0015,0.12657644930154865,PASS
20,2.0,100,0.3,0.6,0.5,10,0.003049439269084492,0.12807644930154866,0.003,0.12507644930154865,PASS
20,2.0,100,0.3,0.75,0.1,10,0.003049439269084492,0.16009556162693583,0.0006,0.15949556162693584,PASS
20,2.0,100,0.3,0.75,0.25,10,0.003049439269084492,0.16009556162693583,0.0015,0.15859556162693583,PASS
20,2.0,100,0.3,0.75,0.5,10,0.003049439269084492,0.16009556162693583,0.003,0.15709556162693583,PASS
20,2.0,100,0.3,0.9,0.1,10,0.003049439269084492,0.19211467395232298,0.0006,0.191514673952323,PASS
20,2.0,100,0.3,0.9,0.25,10,0.003049439269084492,0.19211467395232298,0.0015,0.19061467395232298,PASS
20,2.0,100,0.3,0.9,0.5,10,0.003049439269084492,0.19211467395232298,0.003,0.18911467395232298,PASS
20,2.0,100,0.4,0.6,0.1,10,0.003049439269084492,0.1097798136870417,0.0006,0.1091798136870417,PASS
20,2.0,100,0.4,0.6,0.25,10,0.003049439269084492,0.1097798136870417,0.0015,0.1082798136870417,PASS
20,2.0,100,0.4,0.6,0.5,10,0.003049439269084492,0.1097798136870417,0.003,0.1067798136870417,PASS
20,2.0,100,0.4,0.75,0.1,10,0.003049439269084492,0.13722476710880213,0.0006,0.13662476710880214,PASS
20,2.0,100,0.4,0.75,0.25,10,0.003049439269084492,0.13722476710880213,0.0015,0.13572476710880213,PASS
20,2.0,100,0.4,0.75,0.5,10,0.003049439269084492,0.13722476710880213,0.003,0.13422476710880213,PASS
20,2.0,100,0.4,0.9,0.1,10,0.003049439269084492,0.16466972053056256,0.0006,0.16406972053056257,PASS
20,2.0,100,0.4,0.9,0.25,10,0.003049439269084492,0.16466972053056256,0.0015,0.16316972053056256,PASS
20,2.0,100,0.4,0.9,0.5,10,0.003049439269084492,0.16466972053056256,0.003,0.16166972053056256,PASS
20,2.0,200,0.1,0.6,0.1,10,0.003049439269084492,0.3293394410611251,0.0006,0.3287394410611251,PASS
20,2.0,200,0.1,0.6,0.25,10,0.003049439269084492,0.3293394410611251,0.0015,0.3278394410611251,PASS
20,2.0,200,0.1,0.6,0.5,10,0.003049439269084492,0.3293394410611251,0.003,0.3263394410611251,PASS
20,2.0,200,0.1,0.75,0.1,10,0.003049439269084492,0.41167430132640637,0.0006,0.4110743013264064,PASS
20,2.0,200,0.1,0.75,0.25,10,0.003049439269084492,0.41167430132640637,0.0015,0.41017430132640637,PASS
20,2.0,200,0.1,0.75,0.5,10,0.003049439269084492,0.41167430132640637,0.003,0.40867430132640636,PASS
20,2.0,200,0.1,0.9,0.1,10,0.003049439269084492,0.4940091615916877,0.0006,0.4934091615916877,PASS
20,2.0,200,0.1,0.9,0.25,10,0.003049439269084492,0.4940091615916877,0.0015,0.49250916159168767,PASS
20,2.0,200,0.1,0.9,0.5,10,0.003049439269084492,0.4940091615916877,0.003,0.49100916159168767,PASS
20,2.0,200,0.2,0.6,0.1,10,0.003049439269084492,0.2927461698321112,0.0006,0.2921461698321112,PASS
20,2.0,200,0.2,0.6,0.25,10,0.003049439269084492,0.2927461698321112,0.0015,0.2912461698321112,PASS
20,2.0,200,0.2,0.6,0.5,10,0.003049439269084492,0.2927461698321112,0.003,0.2897461698321112,PASS
20,2.0,200,0.2,0.75,0.1,10,0.003049439269084492,0.365932712290139,0.0006,0.36533271229013903,PASS
20,2.0,200,0.2,0.75,0.25,10,0.003049439269084492,0.365932712290139,0.0015,0.364432712290139,PASS
20,2.0,200,0.2,0.75,0.5,10,0.003049439269084492,0.365932712290139,0.003,0.362932712290139,PASS
20,2.0,200,0.2,0.9,0.1,10,0.003049439269084492,0.4391192547481668,0.0006,0.43851925474816683,PASS
20,2.0,200,0.2,0.9,0.25,10,0.003049439269084492,0.4391192547481668,0.0015,0.4376192547481668,PASS
20,2.0,200,0.2,0.9,0.5,10,0.003049439269084492,0.4391192547481668,0.003,0.4361192547481668,PASS
20,2.0,200,0.3,0.6,0.1,10,0.003049439269084492,0.2561528986030973,0.0006,0.2555528986030973,PASS
20,2.0,200,0.3,0.6,0.25,10,0.003049439269084492,0.2561528986030973,0.0015,0.2546528986030973,PASS
20,2.0,200,0.3,0.6,0.5,10,0.003049439269084492,0.2561528986030973,0.003,0.2531528986030973,PASS
20,2.0,200,0.3,0.75,0.1,10,0.003049439269084492,0.32019112325387167,0.0006,0.3195911232538717,PASS
20,2.0,200,0.3,0.75,0.25,10,0.003049439269084492,0.32019112325387167,0.0015,0.31869112325387167,PASS
20,2.0,200,0.3,0.75,0.5,10,0.003049439269084492,0.32019112325387167,0.003,0.31719112325387167,PASS
20,2.0,200,0.3,0.9,0.1,10,0.003049439269084492,0.38422934790464597,0.0006,0.383629347904646,PASS
20,2.0,200,0.3,0.9,0.25,10,0.003049439269084492,0.38422934790464597,0.0015,0.38272934790464597,PASS
20,2.0,200,0.3,0.9,0.5,10,0.003049439269084492,0.38422934790464597,0.003,0.38122934790464597,PASS
20,2.0,200,0.4,0.6,0.1,10,0.003049439269084492,0.2195596273740834,0.0006,0.21895962737408342,PASS
20,2.0,200,0.4,0.6,0.25,10,0.003049439269084492,0.2195596273740834,0.0015,0.2180596273740834,PASS
20,2.0,200,0.4,0.6,0.5,10,0.003049439269084492,0.2195596273740834,0.003,0.2165596273740834,PASS
20,2.0,200,0.4,0.75,0.1,10,0.003049439269084492,0.27444953421760426,0.0006,0.2738495342176043,PASS
20,2.0,200,0.4,0.75,0.25,10,0.003049439269084492,0.27444953421760426,0.0015,0.27294953421760426,PASS
20,2.0,200,0.4,0.75,0.5,10,0.003049439269084492,0.27444953421760426,0.003,0.27144953421760426,PASS
20,2.0,200,0.4,0.9,0.1,10,0.003049439269084492,0.3293394410611251,0.0006,0.3287394410611251,PASS
20,2.0,200,0.4,0.9,0.25,10,0.003049439269084492,0.3293394410611251,0.0015,0.3278394410611251,PASS
20,2.0,200,0.4,0.9,0.5,10,0.003049439269084492,0.3293394410611251,0.003,0.3263394410611251,PASS
30,0.5,25,0.1,0.6,0.1,10,0.0014613641826948538,0.019728416466380527,0.0006,0.019128416466380527,PASS
30,0.5,25,0.1,0.6,0.25,10,0.0014613641826948538,0.019728416466380527,0.0015,0.018228416466380525,PASS
30,0.5,25,0.1,0.6,0.5,10,0.0014613641826948538,0.019728416466380527,0.003,0.016728416466380527,PASS
30,0.5,25,0.1,0.75,0.1,10,0.0014613641826948538,0.02466052058297566,0.0006,0.02406052058297566,PASS
30,0.5,25,0.1,0.75,0.25,10,0.0014613641826948538,0.02466052058297566,0.0015,0.023160520582975658,PASS
30,0.5,25,0.1,0.75,0.5,10,0.0014613641826948538,0.02466052058297566,0.003,0.02166052058297566,PASS
30,0.5,25,0.1,0.9,0.1,10,0.0014613641826948538,0.02959262469957079,0.0006,0.028992624699570792,PASS
30,0.5,25,0.1,0.9,0.25,10,0.0014613641826948538,0.02959262469957079,0.0015,0.02809262469957079,PASS
30,0.5,25,0.1,0.9,0.5,10,0.0014613641826948538,0.02959262469957079,0.003,0.026592624699570792,PASS
30,0.5,25,0.2,0.6,0.1,10,0.0014613641826948538,0.017536370192338245,0.0006,0.016936370192338245,PASS
30,0.5,25,0.2,0.6,0.25,10,0.0014613641826948538,0.017536370192338245,0.0015,0.016036370192338244,PASS
30,0.5,25,0.2,0.6,0.5,10,0.0014613641826948538,0.017536370192338245,0.003,0.014536370192338246,PASS
30,0.5,25,0.2,0.75,0.1,10,0.0014613641826948538,0.021920462740422808,0.0006,0.021320462740422808,PASS
30,0.5,25,0.2,0.75,0.25,10,0.0014613641826948538,0.021920462740422808,0.0015,0.020420462740422807,PASS
30,0.5,25,0.2,0.75,0.5,10,0.0014613641826948538,0.021920462740422808,0.003,0.01892046274042281,PASS
30,0.5,25,0.2,0.9,0.1,10,0.0014613641826948538,0.026304555288507368,0.0006,0.025704555288507368,PASS
30,0.5,25,0.2,0.9,0.25,10,0.0014613641826948538,0.026304555288507368,0.0015,0.024804555288507366,PASS
30,0.5,25,0.2,0.9,0.5,10,0.0014613641826948538,0.026304555288507368,0.003,0.02330455528850737,PASS
30,0.5,25,0.3,0.6,0.1,10,0.0014613641826948538,0.015344323918295962,0.0006,0.014744323918295962,PASS
30,0.5,25,0.3,0.6,0.25,10,0.0014613641826948538,0.015344323918295962,0.0015,0.013844323918295962,PASS
30,0.5,25,0.3,0.6,0.5,10,0.0014613641826948538,0.015344323918295962,0.003,0.012344323918295961,PASS
30,0.5,25,0.3,0.75,0.1,10,0.0014613641826948538,0.019180404897869954,0.0006,0.018580404897869954,PASS
30,0.5,25,0.3,0.75,0.25,10,0.0014613641826948538,0.019180404897869954,0.0015,0.017680404897869952,PASS
30,0.5,25,0.3,0.75,0.5,10,0.0014613641826948538,0.019180404897869954,0.003,0.016180404897869954,PASS
30,0.5,25,0.3,0.9,0.1,10,0.0014613641826948538,0.023016485877443944,0.0006,0.022416485877443944,PASS
30,0.5,25,0.3,0.9,0.25,10,0.0014613641826948538,0.023016485877443944,0.0015,0.021516485877443942,PASS
30,0.5,25,0.3,0.9,0.5,10,0.0014613641826948538,0.023016485877443944,0.003,0.020016485877443944,PASS
30,0.5,25,0.4,0.6,0.1,10,0.0014613641826948538,0.013152277644253682,0.0006,0.012552277644253682,PASS
30,0.5,25,0.4,0.6,0.25,10,0.0014613641826948538,0.013152277644253682,0.0015,0.011652277644253682,PASS
30,0.5,25,0.4,0.6,0.5,10,0.0014613641826948538,0.013152277644253682,0.003,0.010152277644253683,PASS
30,0.5,25,0.4,0.75,0.1,10,0.0014613641826948538,0.016440347055317103,0.0006,0.015840347055317103,PASS
30,0.5,25,0.4,0.75,0.25,10,0.0014613641826948538,0.016440347055317103,0.0015,0.014940347055317103,PASS
30,0.5,25,0.4,0.75,0.5,10,0.0014613641826948538,0.016440347055317103,0.003,0.013440347055317103,PASS
30,0.5,25,0.4,0.9,0.1,10,0.0014613641826948538,0.019728416466380523,0.0006,0.019128416466380523,PASS
30,0.5,25,0.4,0.9,0.25,10,0.0014613641826948538,0.019728416466380523,0.0015,0.018228416466380522,PASS
30,0.5,25,0.4,0.9,0.5,10,0.0014613641826948538,0.019728416466380523,0.003,0.016728416466380524,PASS
30,0.5,50,0.1,0.6,0.1,10,0.0014613641826948538,0.03945683293276105,0.0006,0.03885683293276105,PASS
30,0.5,50,0.1,0.6,0.25,10,0.0014613641826948538,0.03945683293276105,0.0015,0.03795683293276105,PASS
30,0.5,50,0.1,0.6,0.5,10,0.0014613641826948538,0.03945683293276105,0.003,0.03645683293276105,PASS
30,0.5,50,0.1,0.75,0.1,10,0.0014613641826948538,0.04932104116595132,0.0006,0.048721041165951315,PASS
30,0.5,50,0.1,0.75,0.25,10,0.0014613641826948538,0.04932104116595132,0.0015,0.04782104116595132,PASS
30,0.5,50,0.1,0.75,0.5,10,0.0014613641826948538,0.04932104116595132,0.003,0.046321041165951315,PASS
30,0.5,50,0.1,0.9,0.1,10,0.0014613641826948538,0.05918524939914158,0.0006,0.05858524939914158,PASS
30,0.5,50,0.1,0.9,0.25,10,0.0014613641826948538,0.05918524939914158,0.0015,0.05768524939914158,PASS
30,0.5,50,0.1,0.9,0.5,10,0.0014613641826948538,0.05918524939914158,0.003,0.05618524939914158,PASS
30,0.5,50,0.2,0.6,0.1,10,0.0014613641826948538,0.03507274038467649,0.0006,0.03447274038467649,PASS
30,0.5,50,0.2,0.6,0.25,10,0.0014613641826948538,0.03507274038467649,0.0015,0.03357274038467649,PASS
30,0.5,50,0.2,0.6,0.5,10,0.0014613641826948538,0.03507274038467649,0.003,0.03207274038467649,PASS
30,0.5,50,0.2,0.75,0.1,10,0.0014613641826948538,0.043840925480845616,0.0006,0.04324092548084561,PASS
30,0.5,50,0.2,0.75,0.25,10,0.0014613641826948538,0.043840925480845616,0.0015,0.042340925480845615,PASS
30,0.5,50,0.2,0.75,0.5,10,0.0014613641826948538,0.043840925480845616,0.003,0.040840925480845613,PASS
30,0.5,50,0.2,0.9,0.1,10,0.0014613641826948538,0.052609110577014735,0.0006,0.05200911057701473,PASS
30,0.5,50,0.2,0.9,0.25,10,0.0014613641826948538,0.052609110577014735,0.0015,0.051109110577014734,PASS
30,0.5,50,0.2,0.9,0.5,10,0.0014613641826948538,0.052609110577014735,0.003,0.04960911057701473,PASS
30,0.5,50,0.3,0.6,0.1,10,0.0014613641826948538,0.030688647836591924,0.0006,0.030088647836591924,PASS
30,0.5,50,0.3,0.6,0.25,10,0.0014613641826948538,0.030688647836591924,0.0015,0.029188647836591922,PASS
30,0.5,50,0.3,0.6,0.5,10,0.0014613641826948538,0.030688647836591924,0.003,0.027688647836591924,PASS
30,0.5,50,0.3,0.75,0.1,10,0.0014613641826948538,0.03836080979573991,0.0006,0.037760809795739904,PASS
30,0.5,50,0.3,0.75,0.25,10,0.0014613641826948538,0.03836080979573991,0.0015,0.036860809795739906,PASS
30,0.5,50,0.3,0.75,0.5,10,0.0014613641826948538,0.03836080979573991,0.003,0.035360809795739905,PASS
30,0.5,50,0.3,0.9,0.1,10,0.0014613641826948538,0.04603297175488789,0.0006,0.045432971754887884,PASS
30,0.5,50,0.3,0.9,0.25,10,0.0014613641826948538,0.04603297175488789,0.0015,0.044532971754887886,PASS
30,0.5,50,0.3,0.9,0.5,10,0.0014613641826948538,0.04603297175488789,0.003,0.043032971754887885,PASS
30,0.5,50,0.4,0.6,0.1,10,0.0014613641826948538,0.026304555288507364,0.0006,0.025704555288507364,PASS
30,0.5,50,0.4,0.6,0.25,10,0.0014613641826948538,0.026304555288507364,0.0015,0.024804555288507363,PASS
30,0.5,50,0.4,0.6,0.5,10,0.0014613641826948538,0.026304555288507364,0.003,0.023304555288507365,PASS
30,0.5,50,0.4,0.75,0.1,10,0.0014613641826948538,0.032880694110634205,0.0006,0.0322806941106342,PASS
30,0.5,50,0.4,0.75,0.25,10,0.0014613641826948538,0.032880694110634205,0.0015,0.031380694110634204,PASS
30,0.5,50,0.4,0.75,0.5,10,0.0014613641826948538,0.032880694110634205,0.003,0.029880694110634206,PASS
30,0.5,50,0.4,0.9,0.1,10,0.0014613641826948538,0.039456832932761046,0.0006,0.03885683293276104,PASS
30,0.5,50,0.4,0.9,0.25,10,0.0014613641826948538,0.039456832932761046,0.0015,0.037956832932761045,PASS
30,0.5,50,0.4,0.9,0.5,10,0.0014613641826948538,0.039456832932761046,0.003,0.036456832932761044,PASS
30,0.5,100,0.1,0.6,0.1,10,0.0014613641826948538,0.0789136658655221,0.0006,0.0783136658655221,PASS
30,0.5,100,0.1,0.6,0.25,10,0.0014613641826948538,0.0789136658655221,0.0015,0.0774136658655221,PASS
30,0.5,100,0.1,0.6,0.5,10,0.0014613641826948538,0.0789136658655221,0.003,0.0759136658655221,PASS
30,0.5,100,0.1,0.75,0.1,10,0.0014613641826948538,0.09864208233190264,0.0006,0.09804208233190263,PASS
30,0.5,100,0.1,0.75,0.25,10,0.0014613641826948538,0.09864208233190264,0.0015,0.09714208233190263,PASS
30,0.5,100,0.1,0.75,0.5,10,0.0014613641826948538,0.09864208233190264,0.003,0.09564208233190263,PASS
30,0.5,100,0.1,0.9,0.1,10,0.0014613641826948538,0.11837049879828317,0.0006,0.11777049879828316,PASS
30,0.5,100,0.1,0.9,0.25,10,0.0014613641826948538,0.11837049879828317,0.0015,0.11687049879828317,PASS
30,0.5,100,0.1,0.9,0.5,10,0.0014613641826948538,0.11837049879828317,0.003,0.11537049879828316,PASS
30,0.5,100,0.2,0.6,0.1,10,0.0014613641826948538,0.07014548076935298,0.0006,0.06954548076935298,PASS
30,0.5,100,0.2,0.6,0.25,10,0.0014613641826948538,0.07014548076935298,0.0015,0.06864548076935298,PASS
30,0.5,100,0.2,0.6,0.5,10,0.0014613641826948538,0.07014548076935298,0.003,0.06714548076935298,PASS
30,0.5,100,0.2,0.75,0.1,10,0.0014613641826948538,0.08768185096169123,0.0006,0.08708185096169123,PASS
30,0.5,100,0.2,0.75,0.25,10,0.0014613641826948538,0.08768185096169123,0.0015,0.08618185096169123,PASS
30,0.5,100,0.2,0.75,0.5,10,0.0014613641826948538,0.08768185096169123,0.003,0.08468185096169123,PASS
30,0.5,100,0.2,0.9,0.1,10,0.0014613641826948538,0.10521822115402947,0.0006,0.10461822115402947,PASS
30,0.5,100,0.2,0.9,0.25,10,0.0014613641826948538,0.10521822115402947,0.0015,0.10371822115402947,PASS
30,0.5,100,0.2,0.9,0.5,10,0.0014613641826948538,0.10521822115402947,0.003,0.10221822115402947,PASS
30,0.5,100,0.3,0.6,0.1,10,0.0014613641826948538,0.06137729567318385,0.0006,0.060777295673183844,PASS
30,0.5,100,0.3,0.6,0.25,10,0.0014613641826948538,0.06137729567318385,0.0015,0.059877295673183846,PASS
30,0.5,100,0.3,0.6,0.5,10,0.0014613641826948538,0.06137729567318385,0.003,0.058377295673183845,PASS
30,0.5,100,0.3,0.75,0.1,10,0.0014613641826948538,0.07672161959147981,0.0006,0.07612161959147981,PASS
30,0.5,100,0.3,0.75,0.25,10,0.0014613641826948538,0.07672161959147981,0.0015,0.07522161959147981,PASS
30,0.5,100,0.3,0.75,0.5,10,0.0014613641826948538,0.07672161959147981,0.003,0.07372161959147981,PASS
30,0.5,100,0.3,0.9,0.1,10,0.0014613641826948538,0.09206594350977577,0.0006,0.09146594350977577,PASS
30,0.5,100,0.3,0.9,0.25,10,0.0014613641826948538,0.09206594350977577,0.0015,0.09056594350977577,PASS
30,0.5,100,0.3,0.9,0.5,10,0.0014613641826948538,0.09206594350977577,0.003,0.08906594350977577,PASS
30,0.5,100,0.4,0.6,0.1,10,0.0014613641826948538,0.05260911057701473,0.0006,0.052009110577014725,PASS
30,0.5,100,0.4,0.6,0.25,10,0.0014613641826948538,0.05260911057701473,0.0015,0.05110911057701473,PASS
30,0.5,100,0.4,0.6,0.5,10,0.0014613641826948538,0.05260911057701473,0.003,0.049609110577014726,PASS
30,0.5,100,0.4,0.75,0.1,10,0.0014613641826948538,0.06576138822126841,0.0006,0.06516138822126841,PASS
30,0.5,100,0.4,0.75,0.25,10,0.0014613641826948538,0.06576138822126841,0.0015,0.06426138822126841,PASS
30,0.5,100,0.4,0.75,0.5,10,0.0014613641826948538,0.06576138822126841,0.003,0.06276138822126841,PASS
30,0.5,100,0.4,0.9,0.1,10,0.0014613641826948538,0.07891366586552209,0.0006,0.07831366586552209,PASS
30,0.5,100,0.4,0.9,0.25,10,0.0014613641826948538,0.07891366586552209,0.0015,0.07741366586552209,PASS
30,0.5,100,0.4,0.9,0.5,10,0.0014613641826948538,0.07891366586552209,0.003,0.07591366586552209,PASS
30,0.5,200,0.1,0.6,0.1,10,0.0014613641826948538,0.1578273317310442,0.0006,0.15722733173104422,PASS
30,0.5,200,0.1,0.6,0.25,10,0.0014613641826948538,0.1578273317310442,0.0015,0.1563273317310442,PASS
30,0.5,200,0.1,0.6,0.5,10,0.0014613641826948538,0.1578273317310442,0.003,0.1548273317310442,PASS
30,0.5,200,0.1,0.75,0.1,10,0.0014613641826948538,0.19728416466380527,0.0006,0.19668416466380528,PASS
30,0.5,200,0.1,0.75,0.25,10,0.0014613641826948538,0.19728416466380527,0.0015,0.19578416466380527,PASS
30,0.5,200,0.1,0.75,0.5,10,0.0014613641826948538,0.19728416466380527,0.003,0.19428416466380527,PASS
30,0.5,200,0.1,0.9,0.1,10,0.0014613641826948538,0.23674099759656633,0.0006,0.23614099759656634,PASS
30,0.5,200,0.1,0.9,0.25,10,0.0014613641826948538,0.23674099759656633,0.0015,0.23524099759656633,PASS
30,0.5,200,0.1,0.9,0.5,10,0.0014613641826948538,0.23674099759656633,0.003,0.23374099759656633,PASS
30,0.5,200,0.2,0.6,0.1,10,0.0014613641826948538,0.14029096153870596,0.0006,0.13969096153870597,PASS
30,0.5,200,0.2,0.6,0.25,10,0.0014613641826948538,0.14029096153870596,0.0015,0.13879096153870596,PASS
30,0.5,200,0.2,0.6,0.5,10,0.0014613641826948538,0.14029096153870596,0.003,0.13729096153870596,PASS
30,0.5,200,0.2,0.75,0.1,10,0.0014613641826948538,0.17536370192338246,0.0006,0.17476370192338248,PASS
30,0.5,200,0.2,0.75,0.25,10,0.0014613641826948538,0.17536370192338246,0.0015,0.17386370192338246,PASS
30,0.5,200,0.2,0.75,0.5,10,0.0014613641826948538,0.17536370192338246,0.003,0.17236370192338246,PASS
30,0.5,200,0.2,0.9,0.1,10,0.0014613641826948538,0.21043644230805894,0.0006,0.20983644230805895,PASS
30,0.5,200,0.2,0.9,0.25,10,0.0014613641826948538,0.21043644230805894,0.0015,0.20893644230805894,PASS
30,0.5,200,0.2,0.9,0.5,10,0.0014613641826948538,0.21043644230805894,0.003,0.20743644230805894,PASS
30,0.5,200,0.3,0.6,0.1,10,0.0014613641826948538,0.1227545913463677,0.0006,0.12215459134636769,PASS
30,0.5,200,0.3,0.6,0.25,10,0.0014613641826948538,0.1227545913463677,0.0015,0.1212545913463677,PASS
30,0.5,200,0.3,0.6,0.5,10,0.0014613641826948538,0.1227545913463677,0.003,0.11975459134636769,PASS
30,0.5,200,0.3,0.75,0.1,10,0.0014613641826948538,0.15344323918295963,0.0006,0.15284323918295964,PASS
30,0.5,200,0.3,0.75,0.25,10,0.0014613641826948538,0.15344323918295963,0.0015,0.15194323918295963,PASS
30,0.5,200,0.3,0.75,0.5,10,0.0014613641826948538,0.15344323918295963,0.003,0.15044323918295963,PASS
30,0.5,200,0.3,0.9,0.1,10,0.0014613641826948538,0.18413188701955155,0.0006,0.18353188701955156,PASS
30,0.5,200,0.3,0.9,0.25,10,0.0014613641826948538,0.18413188701955155,0.0015,0.18263188701955155,PASS
30,0.5,200,0.3,0.9,0.5,10,0.0014613641826948538,0.18413188701955155,0.003,0.18113188701955155,PASS
30,0.5,200,0.4,0.6,0.1,10,0.0014613641826948538,0.10521822115402946,0.0006,0.10461822115402945,PASS
30,0.5,200,0.4,0.6,0.25,10,0.0014613641826948538,0.10521822115402946,0.0015,0.10371822115402946,PASS
30,0.5,200,0.4,0.6,0.5,10,0.0014613641826948538,0.10521822115402946,0.003,0.10221822115402945,PASS
30,0.5,200,0.4,0.75,0.1,10,0.0014613641826948538,0.13152277644253682,0.0006,0.13092277644253683,PASS
30,0.5,200,0.4,0.75,0.25,10,0.0014613641826948538,0.13152277644253682,0.0015,0.13002277644253682,PASS
30,0.5,200,0.4,0.75,0.5,10,0.0014613641826948538,0.13152277644253682,0.003,0.12852277644253682,PASS
30,0.5,200,0.4,0.9,0.1,10,0.0014613641826948538,0.15782733173104418,0.0006,0.1572273317310442,PASS
30,0.5,200,0.4,0.9,0.25,10,0.0014613641826948538,0.15782733173104418,0.0015,0.15632733173104418,PASS
30,0.5,200,0.4,0.9,0.5,10,0.0014613641826948538,0.15782733173104418,0.003,0.15482733173104418,PASS
30,1.0,25,0.1,0.6,0.1,10,0.00302011773765099,0.040771589458288356,0.0006,0.04017158945828835,PASS
30,1.0,25,0.1,0.6,0.25,10,0.00302011773765099,0.040771589458288356,0.0015,0.039271589458288354,PASS
30,1.0,25,0.1,0.6,0.5,10,0.00302011773765099,0.040771589458288356,0.003,0.03777158945828835,PASS
30,1.0,25,0.1,0.75,0.1,10,0.00302011773765099,0.05096448682286045,0.0006,0.050364486822860446,PASS
30,1.0,25,0.1,0.75,0.25,10,0.00302011773765099,0.05096448682286045,0.0015,0.04946448682286045,PASS
30,1.0,25,0.1,0.75,0.5,10,0.00302011773765099,0.05096448682286045,0.003,0.04796448682286045,PASS
30,1.0,25,0.1,0.9,0.1,10,0.00302011773765099,0.061157384187432544,0.0006,0.06055738418743254,PASS
30,1.0,25,0.1,0.9,0.25,10,0.00302011773765099,0.061157384187432544,0.0015,0.05965738418743254,PASS
30,1.0,25,0.1,0.9,0.5,10,0.00302011773765099,0.061157384187432544,0.003,0.05815738418743254,PASS
30,1.0,25,0.2,0.6,0.1,10,0.00302011773765099,0.03624141285181188,0.0006,0.035641412851811875,PASS
30,1.0,25,0.2,0.6,0.25,10,0.00302011773765099,0.03624141285181188,0.0015,0.03474141285181188,PASS
30,1.0,25,0.2,0.6,0.5,10,0.00302011773765099,0.03624141285181188,0.003,0.033241412851811876,PASS
30,1.0,25,0.2,0.75,0.1,10,0.00302011773765099,0.045301766064764847,0.0006,0.04470176606476484,PASS
30,1.0,25,0.2,0.75,0.25,10,0.00302011773765099,0.045301766064764847,0.0015,0.043801766064764845,PASS
30,1.0,25,0.2,0.75,0.5,10,0.00302011773765099,0.045301766064764847,0.003,0.042301766064764844,PASS
30,1.0,25,0.2,0.9,0.1,10,0.00302011773765099,0.05436211927771782,0.0006,0.05376211927771782,PASS
30,1.0,25,0.2,0.9,0.25,10,0.00302011773765099,0.05436211927771782,0.0015,0.05286211927771782,PASS
30,1.0,25,0.2,0.9,0.5,10,0.00302011773765099,0.05436211927771782,0.003,0.05136211927771782,PASS
30,1.0,25,0.3,0.6,0.1,10,0.00302011773765099,0.03171123624533539,0.0006,0.031111236245335388,PASS
30,1.0,25,0.3,0.6,0.25,10,0.00302011773765099,0.03171123624533539,0.0015,0.030211236245335386,PASS
30,1.0,25,0.3,0.6,0.5,10,0.00302011773765099,0.03171123624533539,0.003,0.02871123624533539,PASS
30,1.0,25,0.3,0.75,0.1,10,0.00302011773765099,0.039639045306669236,0.0006,0.03903904530666923,PASS
30,1.0,25,0.3,0.75,0.25,10,0.00302011773765099,0.039639045306669236,0.0015,0.038139045306669235,PASS
30,1.0,25,0.3,0.75,0.5,10,0.00302011773765099,0.039639045306669236,0.003,0.036639045306669234,PASS
30,1.0,25,0.3,0.9,0.1,10,0.00302011773765099,0.047566854368003085,0.0006,0.04696685436800308,PASS
30,1.0,25,0.3,0.9,0.25,10,0.00302011773765099,0.047566854368003085,0.0015,0.046066854368003084,PASS
30,1.0,25,0.3,0.9,0.5,10,0.00302011773765099,0.047566854368003085,0.003,0.04456685436800308,PASS
30,1.0,25,0.4,0.6,0.1,10,0.00302011773765099,0.027181059638858907,0.0006,0.026581059638858907,PASS
30,1.0,25,0.4,0.6,0.25,10,0.00302011773765099,0.027181059638858907,0.0015,0.025681059638858906,PASS
30,1.0,25,0.4,0.6,0.5,10,0.00302011773765099,0.027181059638858907,0.003,0.024181059638858908,PASS
30,1.0,25,0.4,0.75,0.1,10,0.00302011773765099,0.03397632454857363,0.0006,0.03337632454857363,PASS
30,1.0,25,0.4,0.75,0.25,10,0.00302011773765099,0.03397632454857363,0.0015,0.03247632454857363,PASS
30,1.0,25,0.4,0.75,0.5,10,0.00302011773765099,0.03397632454857363,0.003,0.030976324548573634,PASS
30,1.0,25,0.4,0.9,0.1,10,0.00302011773765099,0.04077158945828836,0.0006,0.04017158945828836,PASS
30,1.0,25,0.4,0.9,0.25,10,0.00302011773765099,0.04077158945828836,0.0015,0.03927158945828836,PASS
30,1.0,25,0.4,0.9,0.5,10,0.00302011773765099,0.04077158945828836,0.003,0.03777158945828836,PASS
30,1.0,50,0.1,0.6,0.1,10,0.00302011773765099,0.08154317891657671,0.0006,0.08094317891657671,PASS
30,1.0,50,0.1,0.6,0.25,10,0.00302011773765099,0.08154317891657671,0.0015,0.08004317891657671,PASS
30,1.0,50,0.1,0.6,0.5,10,0.00302011773765099,0.08154317891657671,0.003,0.07854317891657671,PASS
30,1.0,50,0.1,0.75,0.1,10,0.00302011773765099,0.1019289736457209,0.0006,0.1013289736457209,PASS
30,1.0,50,0.1,0.75,0.25,10,0.00302011773765099,0.1019289736457209,0.0015,0.1004289736457209,PASS
30,1.0,50,0.1,0.75,0.5,10,0.00302011773765099,0.1019289736457209,0.003,0.0989289736457209,PASS
30,1.0,50,0.1,0.9,0.1,10,0.00302011773765099,0.12231476837486509,0.0006,0.12171476837486508,PASS
30,1.0,50,0.1,0.9,0.25,10,0.00302011773765099,0.12231476837486509,0.0015,0.12081476837486509,PASS
30,1.0,50,0.1,0.9,0.5,10,0.00302011773765099,0.12231476837486509,0.003,0.11931476837486509,PASS
30,1.0,50,0.2,0.6,0.1,10,0.00302011773765099,0.07248282570362376,0.0006,0.07188282570362375,PASS
30,1.0,50,0.2,0.6,0.25,10,0.00302011773765099,0.07248282570362376,0.0015,0.07098282570362376,PASS
30,1.0,50,0.2,0.6,0.5,10,0.00302011773765099,0.07248282570362376,0.003,0.06948282570362375,PASS
30,1.0,50,0.2,0.75,0.1,10,0.00302011773765099,0.09060353212952969,0.0006,0.09000353212952969,PASS
30,1.0,50,0.2,0.75,0.25,10,0.00302011773765099,0.09060353212952969,0.0015,0.08910353212952969,PASS
30,1.0,50,0.2,0.75,0.5,10,0.00302011773765099,0.09060353212952969,0.003,0.08760353212952969,PASS
30,1.0,50,0.2,0.9,0.1,10,0.00302011773765099,0.10872423855543564,0.0006,0.10812423855543564,PASS
30,1.0,50,0.2,0.9,0.25,10,0.00302011773765099,0.10872423855543564,0.0015,0.10722423855543564,PASS
30,1.0,50,0.2,0.9,0.5,10,0.00302011773765099,0.10872423855543564,0.003,0.10572423855543564,PASS
30,1.0,50,0.3,0.6,0.1,10,0.00302011773765099,0.06342247249067078,0.0006,0.06282247249067077,PASS
30,1.0,50,0.3,0.6,0.25,10,0.00302011773765099,0.06342247249067078,0.0015,0.061922472490670774,PASS
30,1.0,50,0.3,0.6,0.5,10,0.00302011773765099,0.06342247249067078,0.003,0.06042247249067077,PASS
30,1.0,50,0.3,0.75,0.1,10,0.00302011773765099,0.07927809061333847,0.0006,0.07867809061333847,PASS
30,1.0,50,0.3,0.75,0.25,10,0.00302011773765099,0.07927809061333847,0.0015,0.07777809061333847,PASS
30,1.0,50,0.3,0.75,0.5,10,0.00302011773765099,0.07927809061333847,0.003,0.07627809061333847,PASS
30,1.0,50,0.3,0.9,0.1,10,0.00302011773765099,0.09513370873600617,0.0006,0.09453370873600617,PASS
30,1.0,50,0.3,0.9,0.25,10,0.00302011773765099,0.09513370873600617,0.0015,0.09363370873600617,PASS
30,1.0,50,0.3,0.9,0.5,10,0.00302011773765099,0.09513370873600617,0.003,0.09213370873600617,PASS
30,1.0,50,0.4,0.6,0.1,10,0.00302011773765099,0.054362119277717814,0.0006,0.05376211927771781,PASS
30,1.0,50,0.4,0.6,0.25,10,0.00302011773765099,0.054362119277717814,0.0015,0.05286211927771781,PASS
30,1.0,50,0.4,0.6,0.5,10,0.00302011773765099,0.054362119277717814,0.003,0.05136211927771781,PASS
30,1.0,50,0.4,0.75,0.1,10,0.00302011773765099,0.06795264909714727,0.0006,0.06735264909714726,PASS
30,1.0,50,0.4,0.75,0.25,10,0.00302011773765099,0.06795264909714727,0.0015,0.06645264909714726,PASS
30,1.0,50,0.4,0.75,0.5,10,0.00302011773765099,0.06795264909714727,0.003,0.06495264909714726,PASS
30,1.0,50,0.4,0.9,0.1,10,0.00302011773765099,0.08154317891657673,0.0006,0.08094317891657672,PASS
30,1.0,50,0.4,0.9,0.25,10,0.00302011773765099,0.08154317891657673,0.0015,0.08004317891657672,PASS
30,1.0,50,0.4,0.9,0.5,10,0.00302011773765099,0.08154317891657673,0.003,0.07854317891657672,PASS
30,1.0,100,0.1,0.6,0.1,10,0.00302011773765099,0.16308635783315342,0.0006,0.16248635783315343,PASS
30,1.0,100,0.1,0.6,0.25,10,0.00302011773765099,0.16308635783315342,0.0015,0.16158635783315342,PASS
30,1.0,100,0.1,0.6,0.5,10,0.00302011773765099,0.16308635783315342,0.003,0.16008635783315342,PASS
30,1.0,100,0.1,0.75,0.1,10,0.00302011773765099,0.2038579472914418,0.0006,0.2032579472914418,PASS
30,1.0,100,0.1,0.75,0.25,10,0.00302011773765099,0.2038579472914418,0.0015,0.2023579472914418,PASS
30,1.0,100,0.1,0.75,0.5,10,0.00302011773765099,0.2038579472914418,0.003,0.2008579472914418,PASS
30,1.0,100,0.1,0.9,0.1,10,0.00302011773765099,0.24462953674973018,0.0006,0.24402953674973019,PASS
30,1.0,100,0.1,0.9,0.25,10,0.00302011773765099,0.24462953674973018,0.0015,0.24312953674973017,PASS
30,1.0,100,0.1,0.9,0.5,10,0.00302011773765099,0.24462953674973018,0.003,0.24162953674973017,PASS
30,1.0,100,0.2,0.6,0.1,10,0.00302011773765099,0.14496565140724751,0.0006,0.14436565140724752,PASS
30,1.0,100,0.2,0.6,0.25,10,0.00302011773765099,0.14496565140724751,0.0015,0.1434656514072475,PASS
30,1.0,100,0.2,0.6,0.5,10,0.00302011773765099,0.14496565140724751,0.003,0.1419656514072475,PASS
30,1.0,100,0.2,0.75,0.1,10,0.00302011773765099,0.18120706425905939,0.0006,0.1806070642590594,PASS
30,1.0,100,0.2,0.75,0.25,10,0.00302011773765099,0.18120706425905939,0.0015,0.17970706425905938,PASS
30,1.0,100,0.2,0.75,0.5,10,0.00302011773765099,0.18120706425905939,0.003,0.17820706425905938,PASS
30,1.0,100,0.2,0.9,0.1,10,0.00302011773765099,0.21744847711087129,0.0006,0.2168484771108713,PASS
30,1.0,100,0.2,0.9,0.25,10,0.00302011773765099,0.21744847711087129,0.0015,0.21594847711087128,PASS
30,1.0,100,0.2,0.9,0.5,10,0.00302011773765099,0.21744847711087129,0.003,0.21444847711087128,PASS
30,1.0,100,0.3,0.6,0.1,10,0.00302011773765099,0.12684494498134155,0.0006,0.12624494498134156,PASS
30,1.0,100,0.3,0.6,0.25,10,0.00302011773765099,0.12684494498134155,0.0015,0.12534494498134155,PASS
30,1.0,100,0.3,0.6,0.5,10,0.00302011773765099,0.12684494498134155,0.003,0.12384494498134155,PASS
30,1.0,100,0.3,0.75,0.1,10,0.00302011773765099,0.15855618122667695,0.0006,0.15795618122667696,PASS
30,1.0,100,0.3,0.75,0.25,10,0.00302011773765099,0.15855618122667695,0.0015,0.15705618122667694,PASS
30,1.0,100,0.3,0.75,0.5,10,0.00302011773765099,0.15855618122667695,0.003,0.15555618122667694,PASS
30,1.0,100,0.3,0.9,0.1,10,0.00302011773765099,0.19026741747201234,0.0006,0.18966741747201235,PASS
30,1.0,100,0.3,0.9,0.25,10,0.00302011773765099,0.19026741747201234,0.0015,0.18876741747201234,PASS
30,1.0,100,0.3,0.9,0.5,10,0.00302011773765099,0.19026741747201234,0.003,0.18726741747201234,PASS
30,1.0,100,0.4,0.6,0.1,10,0.00302011773765099,0.10872423855543563,0.0006,0.10812423855543563,PASS
30,1.0,100,0.4,0.6,0.25,10,0.00302011773765099,0.10872423855543563,0.0015,0.10722423855543563,PASS
30,1.0,100,0.4,0.6,0.5,10,0.00302011773765099,0.10872423855543563,0.003,0.10572423855543563,PASS
30,1.0,100,0.4,0.75,0.1,10,0.00302011773765099,0.13590529819429453,0.0006,0.13530529819429454,PASS
30,1.0,100,0.4,0.75,0.25,10,0.00302011773765099,0.13590529819429453,0.0015,0.13440529819429453,PASS
30,1.0,100,0.4,0.75,0.5,10,0.00302011773765099,0.13590529819429453,0.003,0.13290529819429453,PASS
30,1.0,100,0.4,0.9,0.1,10,0.00302011773765099,0.16308635783315345,0.0006,0.16248635783315346,PASS
30,1.0,100,0.4,0.9,0.25,10,0.00302011773765099,0.16308635783315345,0.0015,0.16158635783315345,PASS
30,1.0,100,0.4,0.9,0.5,10,0.00302011773765099,0.16308635783315345,0.003,0.16008635783315345,PASS
30,1.0,200,0.1,0.6,0.1,10,0.00302011773765099,0.32617271566630684,0.0006,0.32557271566630686,PASS
30,1.0,200,0.1,0.6,0.25,10,0.00302011773765099,0.32617271566630684,0.0015,0.32467271566630684,PASS
30,1.0,200,0.1,0.6,0.5,10,0.00302011773765099,0.32617271566630684,0.003,0.32317271566630684,PASS
30,1.0,200,0.1,0.75,0.1,10,0.00302011773765099,0.4077158945828836,0.0006,0.4071158945828836,PASS
30,1.0,200,0.1,0.75,0.25,10,0.00302011773765099,0.4077158945828836,0.0015,0.4062158945828836,PASS
30,1.0,200,0.1,0.75,0.5,10,0.00302011773765099,0.4077158945828836,0.003,0.4047158945828836,PASS
30,1.0,200,0.1,0.9,0.1,10,0.00302011773765099,0.48925907349946035,0.0006,0.48865907349946036,PASS
30,1.0,200,0.1,0.9,0.25,10,0.00302011773765099,0.48925907349946035,0.0015,0.48775907349946035,PASS
30,1.0,200,0.1,0.9,0.5,10,0.00302011773765099,0.48925907349946035,0.003,0.48625907349946035,PASS
30,1.0,200,0.2,0.6,0.1,10,0.00302011773765099,0.28993130281449503,0.0006,0.28933130281449504,PASS
30,1.0,200,0.2,0.6,0.25,10,0.00302011773765099,0.28993130281449503,0.0015,0.288431302814495,PASS
30,1.0,200,0.2,0.6,0.5,10,0.00302011773765099,0.28993130281449503,0.003,0.286931302814495,PASS
30,1.0,200,0.2,0.75,0.1,10,0.00302011773765099,0.36241412851811877,0.0006,0.3618141285181188,PASS
30,1.0,200,0.2,0.75,0.25,10,0.00302011773765099,0.36241412851811877,0.0015,0.36091412851811877,PASS
30,1.0,200,0.2,0.75,0.5,10,0.00302011773765099,0.36241412851811877,0.003,0.35941412851811877,PASS
30,1.0,200,0.2,0.9,0.1,10,0.00302011773765099,0.43489695422174257,0.0006,0.4342969542217426,PASS
30,1.0,200,0.2,0.9,0.25,10,0.00302011773765099,0.43489695422174257,0.0015,0.43339695422174257,PASS
30,1.0,200,0.2,0.9,0.5,10,0.00302011773765099,0.43489695422174257,0.003,0.43189695422174257,PASS
30,1.0,200,0.3,0.6,0.1,10,0.00302011773765099,0.2536898899626831,0.0006,0.2530898899626831,PASS
30,1.0,200,0.3,0.6,0.25,10,0.00302011773765099,0.2536898899626831,0.0015,0.2521898899626831,PASS
30,1.0,200,0.3,0.6,0.5,10,0.00302011773765099,0.2536898899626831,0.003,0.2506898899626831,PASS
30,1.0,200,0.3,0.75,0.1,10,0.00302011773765099,0.3171123624533539,0.0006,0.3165123624533539,PASS
30,1.0,200,0.3,0.75,0.25,10,0.00302011773765099,0.3171123624533539,0.0015,0.3156123624533539,PASS
30,1.0,200,0.3,0.75,0.5,10,0.00302011773765099,0.3171123624533539,0.003,0.3141123624533539,PASS
30,1.0,200,0.3,0.9,0.1,10,0.00302011773765099,0.3805348349440247,0.0006,0.3799348349440247,PASS
30,1.0,200,0.3,0.9,0.25,10,0.00302011773765099,0.3805348349440247,0.0015,0.3790348349440247,PASS
30,1.0,200,0.3,0.9,0.5,10,0.00302011773765099,0.3805348349440247,0.003,0.3775348349440247,PASS
30,1.0,200,0.4,0.6,0.1,10,0.00302011773765099,0.21744847711087126,0.0006,0.21684847711087127,PASS
30,1.0,200,0.4,0.6,0.25,10,0.00302011773765099,0.21744847711087126,0.0015,0.21594847711087126,PASS
30,1.0,200,0.4,0.6,0.5,10,0.00302011773765099,0.21744847711087126,0.003,0.21444847711087126,PASS
30,1.0,200,0.4,0.75,0.1,10,0.00302011773765099,0.27181059638858907,0.0006,0.2712105963885891,PASS
30,1.0,200,0.4,0.75,0.25,10,0.00302011773765099,0.27181059638858907,0.0015,0.27031059638858906,PASS
30,1.0,200,0.4,0.75,0.5,10,0.00302011773765099,0.27181059638858907,0.003,0.26881059638858906,PASS
30,1.0,200,0.4,0.9,0.1,10,0.00302011773765099,0.3261727156663069,0.0006,0.3255727156663069,PASS
30,1.0,200,0.4,0.9,0.25,10,0.00302011773765099,0.3261727156663069,0.0015,0.3246727156663069,PASS
30,1.0,200,0.4,0.9,0.5,10,0.00302011773765099,0.3261727156663069,0.003,0.3231727156663069,PASS
30,2.0,25,0.1,0.6,0.1,10,0.006442359334961475,0.0869718510219799,0.0006,0.0863718510219799,PASS
30,2.0,25,0.1,0.6,0.25,10,0.006442359334961475,0.0869718510219799,0.0015,0.0854718510219799,PASS
30,2.0,25,0.1,0.6,0.5,10,0.006442359334961475,0.0869718510219799,0.003,0.0839718510219799,PASS
30,2.0,25,0.1,0.75,0.1,10,0.006442359334961475,0.10871481377747488,0.0006,0.10811481377747488,PASS
30,2.0,25,0.1,0.75,0.25,10,0.006442359334961475,0.10871481377747488,0.0015,0.10721481377747488,PASS
30,2.0,25,0.1,0.75,0.5,10,0.006442359334961475,0.10871481377747488,0.003,0.10571481377747488,PASS
30,2.0,25,0.1,0.9,0.1,10,0.006442359334961475,0.13045777653296986,0.0006,0.12985777653296987,PASS
30,2.0,25,0.1,0.9,0.25,10,0.006442359334961475,0.13045777653296986,0.0015,0.12895777653296986,PASS
30,2.0,25,0.1,0.9,0.5,10,0.006442359334961475,0.13045777653296986,0.003,0.12745777653296986,PASS
30,2.0,25,0.2,0.6,0.1,10,0.006442359334961475,0.07730831201953771,0.0006,0.0767083120195377,PASS
30,2.0,25,0.2,0.6,0.25,10,0.006442359334961475,0.07730831201953771,0.0015,0.07580831201953771,PASS
30,2.0,25,0.2,0.6,0.5,10,0.006442359334961475,0.07730831201953771,0.003,0.0743083120195377,PASS
30,2.0,25,0.2,0.75,0.1,10,0.006442359334961475,0.09663539002442213,0.0006,0.09603539002442213,PASS
30,2.0,25,0.2,0.75,0.25,10,0.006442359334961475,0.09663539002442213,0.0015,0.09513539002442213,PASS
30,2.0,25,0.2,0.75,0.5,10,0.006442359334961475,0.09663539002442213,0.003,0.09363539002442213,PASS
30,2.0,25,0.2,0.9,0.1,10,0.006442359334961475,0.11596246802930656,0.0006,0.11536246802930655,PASS
30,2.0,25,0.2,0.9,0.25,10,0.006442359334961475,0.11596246802930656,0.0015,0.11446246802930655,PASS
30,2.0,25,0.2,0.9,0.5,10,0.006442359334961475,0.11596246802930656,0.003,0.11296246802930655,PASS
30,2.0,25,0.3,0.6,0.1,10,0.006442359334961475,0.06764477301709548,0.0006,0.06704477301709548,PASS
30,2.0,25,0.3,0.6,0.25,10,0.006442359334961475,0.06764477301709548,0.0015,0.06614477301709548,PASS
30,2.0,25,0.3,0.6,0.5,10,0.006442359334961475,0.06764477301709548,0.003,0.06464477301709548,PASS
30,2.0,25,0.3,0.75,0.1,10,0.006442359334961475,0.08455596627136935,0.0006,0.08395596627136935,PASS
30,2.0,25,0.3,0.75,0.25,10,0.006442359334961475,0.08455596627136935,0.0015,0.08305596627136935,PASS
30,2.0,25,0.3,0.75,0.5,10,0.006442359334961475,0.08455596627136935,0.003,0.08155596627136935,PASS
30,2.0,25,0.3,0.9,0.1,10,0.006442359334961475,0.10146715952564322,0.0006,0.10086715952564322,PASS
30,2.0,25,0.3,0.9,0.25,10,0.006442359334961475,0.10146715952564322,0.0015,0.09996715952564322,PASS
30,2.0,25,0.3,0.9,0.5,10,0.006442359334961475,0.10146715952564322,0.003,0.09846715952564322,PASS
30,2.0,25,0.4,0.6,0.1,10,0.006442359334961475,0.05798123401465327,0.0006,0.05738123401465327,PASS
30,2.0,25,0.4,0.6,0.25,10,0.006442359334961475,0.05798123401465327,0.0015,0.05648123401465327,PASS
30,2.0,25,0.4,0.6,0.5,10,0.006442359334961475,0.05798123401465327,0.003,0.05498123401465327,PASS
30,2.0,25,0.4,0.75,0.1,10,0.006442359334961475,0.07247654251831659,0.0006,0.07187654251831659,PASS
30,2.0,25,0.4,0.75,0.25,10,0.006442359334961475,0.07247654251831659,0.0015,0.07097654251831659,PASS
30,2.0,25,0.4,0.75,0.5,10,0.006442359334961475,0.07247654251831659,0.003,0.06947654251831659,PASS
30,2.0,25,0.4,0.9,0.1,10,0.006442359334961475,0.0869718510219799,0.0006,0.0863718510219799,PASS
30,2.0,25,0.4,0.9,0.25,10,0.006442359334961475,0.0869718510219799,0.0015,0.0854718510219799,PASS
30,2.0,25,0.4,0.9,0.5,10,0.006442359334961475,0.0869718510219799,0.003,0.0839718510219799,PASS
30,2.0,50,0.1,0.6,0.1,10,0.006442359334961475,0.1739437020439598,0.0006,0.17334370204395982,PASS
30,2.0,50,0.1,0.6,0.25,10,0.006442359334961475,0.1739437020439598,0.0015,0.1724437020439598,PASS
30,2.0,50,0.1,0.6,0.5,10,0.006442359334961475,0.1739437020439598,0.003,0.1709437020439598,PASS
30,2.0,50,0.1,0.75,0.1,10,0.006442359334961475,0.21742962755494977,0.0006,0.21682962755494978,PASS
30,2.0,50,0.1,0.75,0.25,10,0.006442359334961475,0.21742962755494977,0.0015,0.21592962755494977,PASS
30,2.0,50,0.1,0.75,0.5,10,0.006442359334961475,0.21742962755494977,0.003,0.21442962755494976,PASS
30,2.0,50,0.1,0.9,0.1,10,0.006442359334961475,0.2609155530659397,0.0006,0.26031555306593973,PASS
30,2.0,50,0.1,0.9,0.25,10,0.006442359334961475,0.2609155530659397,0.0015,0.2594155530659397,PASS
30,2.0,50,0.1,0.9,0.5,10,0.006442359334961475,0.2609155530659397,0.003,0.2579155530659397,PASS
30,2.0,50,0.2,0.6,0.1,10,0.006442359334961475,0.15461662403907542,0.0006,0.15401662403907543,PASS
30,2.0,50,0.2,0.6,0.25,10,0.006442359334961475,0.15461662403907542,0.0015,0.15311662403907542,PASS
30,2.0,50,0.2,0.6,0.5,10,0.006442359334961475,0.15461662403907542,0.003,0.15161662403907541,PASS
30,2.0,50,0.2,0.75,0.1,10,0.006442359334961475,0.19327078004884427,0.0006,0.19267078004884428,PASS
30,2.0,50,0.2,0.75,0.25,10,0.006442359334961475,0.19327078004884427,0.0015,0.19177078004884426,PASS
30,2.0,50,0.2,0.75,0.5,10,0.006442359334961475,0.19327078004884427,0.003,0.19027078004884426,PASS
30,2.0,50,0.2,0.9,0.1,10,0.006442359334961475,0.2319249360586131,0.0006,0.23132493605861312,PASS
30,2.0,50,0.2,0.9,0.25,10,0.006442359334961475,0.2319249360586131,0.0015,0.2304249360586131,PASS
30,2.0,50,0.2,0.9,0.5,10,0.006442359334961475,0.2319249360586131,0.003,0.2289249360586131,PASS
30,2.0,50,0.3,0.6,0.1,10,0.006442359334961475,0.13528954603419097,0.0006,0.13468954603419098,PASS
30,2.0,50,0.3,0.6,0.25,10,0.006442359334961475,0.13528954603419097,0.0015,0.13378954603419096,PASS
30,2.0,50,0.3,0.6,0.5,10,0.006442359334961475,0.13528954603419097,0.003,0.13228954603419096,PASS
30,2.0,50,0.3,0.75,0.1,10,0.006442359334961475,0.1691119325427387,0.0006,0.16851193254273872,PASS
30,2.0,50,0.3,0.75,0.25,10,0.006442359334961475,0.1691119325427387,0.0015,0.1676119325427387,PASS
30,2.0,50,0.3,0.75,0.5,10,0.006442359334961475,0.1691119325427387,0.003,0.1661119325427387,PASS
30,2.0,50,0.3,0.9,0.1,10,0.006442359334961475,0.20293431905128645,0.0006,0.20233431905128646,PASS
30,2.0,50,0.3,0.9,0.25,10,0.006442359334961475,0.20293431905128645,0.0015,0.20143431905128645,PASS
30,2.0,50,0.3,0.9,0.5,10,0.006442359334961475,0.20293431905128645,0.003,0.19993431905128645,PASS
30,2.0,50,0.4,0.6,0.1,10,0.006442359334961475,0.11596246802930654,0.0006,0.11536246802930654,PASS
30,2.0,50,0.4,0.6,0.25,10,0.006442359334961475,0.11596246802930654,0.0015,0.11446246802930654,PASS
30,2.0,50,0.4,0.6,0.5,10,0.006442359334961475,0.11596246802930654,0.003,0.11296246802930654,PASS
30,2.0,50,0.4,0.75,0.1,10,0.006442359334961475,0.14495308503663318,0.0006,0.1443530850366332,PASS
30,2.0,50,0.4,0.75,0.25,10,0.006442359334961475,0.14495308503663318,0.0015,0.14345308503663318,PASS
30,2.0,50,0.4,0.75,0.5,10,0.006442359334961475,0.14495308503663318,0.003,0.14195308503663318,PASS
30,2.0,50,0.4,0.9,0.1,10,0.006442359334961475,0.1739437020439598,0.0006,0.17334370204395982,PASS
30,2.0,50,0.4,0.9,0.25,10,0.006442359334961475,0.1739437020439598,0.0015,0.1724437020439598,PASS
30,2.0,50,0.4,0.9,0.5,10,0.006442359334961475,0.1739437020439598,0.003,0.1709437020439598,PASS
30,2.0,100,0.1,0.6,0.1,10,0.006442359334961475,0.3478874040879196,0.0006,0.34728740408791964,PASS
30,2.0,100,0.1,0.6,0.25,10,0.006442359334961475,0.3478874040879196,0.0015,0.3463874040879196,PASS
30,2.0,100,0.1,0.6,0.5,10,0.006442359334961475,0.3478874040879196,0.003,0.3448874040879196,PASS
30,2.0,100,0.1,0.75,0.1,10,0.006442359334961475,0.43485925510989953,0.0006,0.43425925510989954,PASS
30,2.0,100,0.1,0.75,0.25,10,0.006442359334961475,0.43485925510989953,0.0015,0.43335925510989953,PASS
30,2.0,100,0.1,0.75,0.5,10,0.006442359334961475,0.43485925510989953,0.003,0.43185925510989953,PASS
30,2.0,100,0.1,0.9,0.1,10,0.006442359334961475,0.5218311061318794,0.0006,0.5212311061318794,PASS
30,2.0,100,0.1,0.9,0.25,10,0.006442359334961475,0.5218311061318794,0.0015,0.5203311061318795,PASS
30,2.0,100,0.1,0.9,0.5,10,0.006442359334961475,0.5218311061318794,0.003,0.5188311061318794,PASS
30,2.0,100,0.2,0.6,0.1,10,0.006442359334961475,0.30923324807815084,0.0006,0.30863324807815085,PASS
30,2.0,100,0.2,0.6,0.25,10,0.006442359334961475,0.30923324807815084,0.0015,0.30773324807815083,PASS
30,2.0,100,0.2,0.6,0.5,10,0.006442359334961475,0.30923324807815084,0.003,0.30623324807815083,PASS
30,2.0,100,0.2,0.75,0.1,10,0.006442359334961475,0.38654156009768853,0.0006,0.38594156009768854,PASS
30,2.0,100,0.2,0.75,0.25,10,0.006442359334961475,0.38654156009768853,0.0015,0.38504156009768853,PASS
30,2.0,100,0.2,0.75,0.5,10,0.006442359334961475,0.38654156009768853,0.003,0.3835415600976885,PASS
30,2.0,100,0.2,0.9,0.1,10,0.006442359334961475,0.4638498721172262,0.0006,0.46324987211722624,PASS
30,2.0,100,0.2,0.9,0.25,10,0.006442359334961475,0.4638498721172262,0.0015,0.4623498721172262,PASS
30,2.0,100,0.2,0.9,0.5,10,0.006442359334961475,0.4638498721172262,0.003,0.4608498721172262,PASS
30,2.0,100,0.3,0.6,0.1,10,0.006442359334961475,0.27057909206838193,0.0006,0.26997909206838194,PASS
30,2.0,100,0.3,0.6,0.25,10,0.006442359334961475,0.27057909206838193,0.0015,0.26907909206838193,PASS
30,2.0,100,0.3,0.6,0.5,10,0.006442359334961475,0.27057909206838193,0.003,0.26757909206838193,PASS
30,2.0,100,0.3,0.75,0.1,10,0.006442359334961475,0.3382238650854774,0.0006,0.3376238650854774,PASS
30,2.0,100,0.3,0.75,0.25,10,0.006442359334961475,0.3382238650854774,0.0015,0.3367238650854774,PASS
30,2.0,100,0.3,0.75,0.5,10,0.006442359334961475,0.3382238650854774,0.003,0.3352238650854774,PASS
30,2.0,100,0.3,0.9,0.1,10,0.006442359334961475,0.4058686381025729,0.0006,0.4052686381025729,PASS
30,2.0,100,0.3,0.9,0.25,10,0.006442359334961475,0.4058686381025729,0.0015,0.4043686381025729,PASS
30,2.0,100,0.3,0.9,0.5,10,0.006442359334961475,0.4058686381025729,0.003,0.4028686381025729,PASS
30,2.0,100,0.4,0.6,0.1,10,0.006442359334961475,0.23192493605861308,0.0006,0.2313249360586131,PASS
30,2.0,100,0.4,0.6,0.25,10,0.006442359334961475,0.23192493605861308,0.0015,0.23042493605861308,PASS
30,2.0,100,0.4,0.6,0.5,10,0.006442359334961475,0.23192493605861308,0.003,0.22892493605861308,PASS
30,2.0,100,0.4,0.75,0.1,10,0.006442359334961475,0.28990617007326636,0.0006,0.28930617007326637,PASS
30,2.0,100,0.4,0.75,0.25,10,0.006442359334961475,0.28990617007326636,0.0015,0.28840617007326635,PASS
30,2.0,100,0.4,0.75,0.5,10,0.006442359334961475,0.28990617007326636,0.003,0.28690617007326635,PASS
30,2.0,100,0.4,0.9,0.1,10,0.006442359334961475,0.3478874040879196,0.0006,0.34728740408791964,PASS
30,2.0,100,0.4,0.9,0.25,10,0.006442359334961475,0.3478874040879196,0.0015,0.3463874040879196,PASS
30,2.0,100,0.4,0.9,0.5,10,0.006442359334961475,0.3478874040879196,0.003,0.3448874040879196,PASS
30,2.0,200,0.1,0.6,0.1,10,0.006442359334961475,0.6957748081758393,0.0006,0.6951748081758392,PASS
30,2.0,200,0.1,0.6,0.25,10,0.006442359334961475,0.6957748081758393,0.0015,0.6942748081758393,PASS
30,2.0,200,0.1,0.6,0.5,10,0.006442359334961475,0.6957748081758393,0.003,0.6927748081758393,PASS
30,2.0,200,0.1,0.75,0.1,10,0.006442359334961475,0.8697185102197991,0.0006,0.869118510219799,PASS
30,2.0,200,0.1,0.75,0.25,10,0.006442359334961475,0.8697185102197991,0.0015,0.8682185102197991,PASS
30,2.0,200,0.1,0.75,0.5,10,0.006442359334961475,0.8697185102197991,0.003,0.8667185102197991,PASS
30,2.0,200,0.1,0.9,0.1,10,0.006442359334961475,1.0436622122637589,0.0006,1.043062212263759,PASS
30,2.0,200,0.1,0.9,0.25,10,0.006442359334961475,1.0436622122637589,0.0015,1.0421622122637588,PASS
30,2.0,200,0.1,0.9,0.5,10,0.006442359334961475,1.0436622122637589,0.003,1.040662212263759,PASS
30,2.0,200,0.2,0.6,0.1,10,0.006442359334961475,0.6184664961563017,0.0006,0.6178664961563016,PASS
30,2.0,200,0.2,0.6,0.25,10,0.006442359334961475,0.6184664961563017,0.0015,0.6169664961563017,PASS
30,2.0,200,0.2,0.6,0.5,10,0.006442359334961475,0.6184664961563017,0.003,0.6154664961563017,PASS
30,2.0,200,0.2,0.75,0.1,10,0.006442359334961475,0.7730831201953771,0.0006,0.772483120195377,PASS
30,2.0,200,0.2,0.75,0.25,10,0.006442359334961475,0.7730831201953771,0.0015,0.7715831201953771,PASS
30,2.0,200,0.2,0.75,0.5,10,0.006442359334961475,0.7730831201953771,0.003,0.7700831201953771,PASS
30,2.0,200,0.2,0.9,0.1,10,0.006442359334961475,0.9276997442344525,0.0006,0.9270997442344524,PASS
30,2.0,200,0.2,0.9,0.25,10,0.006442359334961475,0.9276997442344525,0.0015,0.9261997442344525,PASS
30,2.0,200,0.2,0.9,0.5,10,0.006442359334961475,0.9276997442344525,0.003,0.9246997442344524,PASS
30,2.0,200,0.3,0.6,0.1,10,0.006442359334961475,0.5411581841367639,0.0006,0.5405581841367638,PASS
30,2.0,200,0.3,0.6,0.25,10,0.006442359334961475,0.5411581841367639,0.0015,0.5396581841367639,PASS
30,2.0,200,0.3,0.6,0.5,10,0.006442359334961475,0.5411581841367639,0.003,0.5381581841367639,PASS
30,2.0,200,0.3,0.75,0.1,10,0.006442359334961475,0.6764477301709548,0.0006,0.6758477301709548,PASS
30,2.0,200,0.3,0.75,0.25,10,0.006442359334961475,0.6764477301709548,0.0015,0.6749477301709549,PASS
30,2.0,200,0.3,0.75,0.5,10,0.006442359334961475,0.6764477301709548,0.003,0.6734477301709548,PASS
30,2.0,200,0.3,0.9,0.1,10,0.006442359334961475,0.8117372762051458,0.0006,0.8111372762051458,PASS
30,2.0,200,0.3,0.9,0.25,10,0.006442359334961475,0.8117372762051458,0.0015,0.8102372762051459,PASS
30,2.0,200,0.3,0.9,0.5,10,0.006442359334961475,0.8117372762051458,0.003,0.8087372762051458,PASS
30,2.0,200,0.4,0.6,0.1,10,0.006442359334961475,0.46384987211722617,0.0006,0.4632498721172262,PASS
30,2.0,200,0.4,0.6,0.25,10,0.006442359334961475,0.46384987211722617,0.0015,0.46234987211722617,PASS
30,2.0,200,0.4,0.6,0.5,10,0.006442359334961475,0.46384987211722617,0.003,0.46084987211722617,PASS
30,2.0,200,0.4,0.75,0.1,10,0.006442359334961475,0.5798123401465327,0.0006,0.5792123401465327,PASS
30,2.0,200,0.4,0.75,0.25,10,0.006442359334961475,0.5798123401465327,0.0015,0.5783123401465328,PASS
30,2.0,200,0.4,0.75,0.5,10,0.006442359334961475,0.5798123401465327,0.003,0.5768123401465327,PASS
30,2.0,200,0.4,0.9,0.1,10,0.006442359334961475,0.6957748081758393,0.0006,0.6951748081758392,PASS
30,2.0,200,0.4,0.9,0.25,10,0.006442359334961475,0.6957748081758393,0.0015,0.6942748081758393,PASS
30,2.0,200,0.4,0.9,0.5,10,0.006442359334961475,0.6957748081758393,0.003,0.6927748081758393,PASS
